Biologie 1. kolo 2020;;;;;;;;;;;;;;;;;;;;;;;;;;;;;;;;;;;;;;;;;;;;;;;;;;;;;;;;;;;;;;;;;;;;;;;;;;;;;;;;;;;;;;;;;;;;;;;;;;;;;;;;;
Obor;Druh;Jméno;Přijmení;Číslo jednací;Rodné číslo;2;3;25;40;64;94;114;118;128;138;164;190;192;204;236;241;248;249;250;255;273;276;289;290;331;354;390;395;402;406;409;421;441;486;529;547;575;576;580;602;623;638;643;652;716;768;775;816;826;831;2001;2002;2003;2004;2005;2006;2007;2008;2009;2010;2011;2012;2013;2014;2015;2016;2017;2018;2019;2020;2021;2022;2023;2024;2025;2026;2027;2028;2029;2030;2031;2032;2033;2034;2035;2036;2037;2038;2039;2040;2041;2042;2043;2044;2045;2046;2047;2048;2049;2050
LEK;11;Adam;Mikroskop;1;1;AX;AX;BX;AX;C;AX;C;ACD;DX;A;BCD;CX;BX;A;AX;B;AX;AX;B;AD;AX;AX;AD;ABCD;C;ACD;A;AB;BD;D;BCX;AB;A;D;BX;AX;BX;ABCDX;BDX;BX;AX;BD;CX;AX;AX;AD;A;CX;A;BC;D;D;DX;B;AX;CX;ABX;AD;DX;DX;AB;B;C;B;BX;CX;DX;BX;D;B;D;D;DX;D;ACX;ACX;BD;A;AD;D;D;C;BX;DX;BX;AX;CD;A;BX;D;B;B;ABDX;C;D;AC;C;AX;A;DX
LEK;11;Adéla;Periskopová;2;2;AX;AD;ABCD;AB;AD;AX;ABC;ABCX;B;B;B;;BX;BCD;AX;B;AD;ABC;C;CD;D;BD;AB;D;AX;D;A;AB;C;AC;AC;A;ACX;C;A;D;C;ABCDX;ABD;A;B;ABD;CX;B;;D;CD;A;ACD;BC;D;ABD;B;B;AX;ABC;ABX;BD;AD;ABD;C;D;A;DX;CD;ABCD;B;;ABC;ACD;C;D;DX;ABC;ABC;C;BD;C;;AD;C;C;A;A;A;AX;A;A;A;ABD;ABCD;ABCDX;ABCD;ACDX;D;B;ABCDX;AX;ABCD;DX
LEK;11;Adam;Mikroskop;3;3;AX;AX;BX;AX;BX;AX;BC;ABCX;DX;ADX;ABDX;CX;ABC;ACD;AX;AX;AD;AC;ABX;AC;AX;AC;ABDX;ABD;AX;ABD;ACX;ADX;CDX;ABC;BCX;ACX;ACX;AX;C;AX;BX;ABCDX;BDX;BX;AX;ACD;CX;AX;AX;AD;B;CX;ABCDX;A;D;ABX;DX;BD;AX;ABC;ABX;ABDX;DX;DX;ABCX;AX;AD;DX;BX;CX;DX;BX;B;A;C;AX;C;BX;ABD;ACD;BC;A;AC;ABDX;BD;C;BX;DX;BX;AD;D;A;AB;A;B;ACD;ABDX;ACDX;ABC;AB;ACD;AX;ABCD;DX
LEK;11;Adéla;Periskopová;4;4;AX;AX;D;AX;BX;AX;BX;ABCX;DX;ADX;D;CX;A;BC;AX;D;BC;BC;A;ACDX;C;AX;ABCD;A;CD;ABD;ABC;ADX;CDX;ABX;BCX;A;A;AX;BX;AX;BC;ABD;BDX;AB;AX;CD;CX;AX;B;D;B;CX;ABC;B;D;A;DX;BC;B;CX;ABX;BCD;AD;DX;ABCX;AX;BX;DX;BX;D;C;BX;AD;DX;C;C;B;D;A;ABCD;BC;A;BDX;AD;BC;D;D;DX;D;AC;BDX;A;BX;A;B;AB;AD;CD;BCDX;AB;ABCDX;D;ACD;AC
LEK;11;Adam;Mikroskop;5;5;B;AX;D;C;BX;AX;AD;AC;DX;ADX;BC;CX;D;C;B;AX;AX;AB;A;ACDX;AX;AX;AD;CX;CD;C;ACX;ADX;C;ABX;C;A;C;B;A;AX;ABD;ABCDX;ABCD;BX;B;B;CX;B;B;CDX;C;CX;ABC;B;B;C;C;D;B;A;ABX;A;DX;DX;AB;AX;BX;DX;BX;D;DX;BX;ABD;A;BX;C;DX;BX;AD;ABC;ACX;C;C;D;BC;D;BX;A;D;C;D;B;BX;A;C;B;AD;CD;BCDX;B;ABCDX;AX;ABCD;DX
LEK;11;Adéla;Periskopová;6;6;AX;AX;D;AX;BX;AX;BX;ABCX;AC;C;CD;CX;A;B;AX;C;AX;C;A;ACDX;AX;AX;AD;CX;CD;AB;ABD;D;D;ABD;BCX;A;CD;AX;A;AX;C;AB;BDX;BX;AX;ABD;CX;C;B;CDX;A;CX;A;B;D;A;DX;C;AX;CX;ABX;ABDX;DX;DX;ABCX;C;BX;DX;CD;A;DX;AD;A;DX;BX;AB;A;D;ABC;CD;BC;C;BDX;ABDX;B;C;BC;DX;BX;AX;BDX;A;BX;ADX;DX;AB;BD;CD;BCDX;B;ABCDX;D;ACD;DX
LEK;11;Adam;Mikroskop;7;7;AC;AX;BX;AX;BD;AX;BX;ABCX;B;ADX;D;CX;AB;AC;AX;D;AD;BC;B;ACDX;D;AX;AD;CX;C;D;ABC;ADX;CDX;BD;BCX;ACX;ACD;AX;BC;AX;BX;ABCDX;ABCD;BX;AX;ABC;CX;B;AX;BD;D;B;AB;AD;D;A;C;ABD;AX;CX;ABX;ABDX;BD;DX;ABCX;C;D;DX;BD;CX;DX;C;BD;DX;C;B;DX;C;CD;ACX;ACD;A;BDX;BD;ABD;AX;D;A;D;D;CD;A;AB;ADX;AB;ABCDX;ABDX;CD;BCDX;BC;ABCDX;C;ACD;AC
LEK;11;Adéla;Periskopová;8;8;AX;AX;D;AB;BX;D;BC;ABCX;DX;D;ABDX;CX;D;B;AX;AX;AX;AX;ABX;AC;AC;AX;AB;CX;AX;ABD;ABC;D;D;ABX;BCX;A;ACD;AX;AD;AX;AB;ABCDX;B;BX;AX;ABD;D;AX;B;CDX;AD;CD;A;B;BDX;BC;DX;BC;AX;CX;A;ABDX;BD;DX;AB;C;BX;DX;BD;CX;DX;BX;A;DX;D;BD;DX;A;ACD;ACD;A;AB;AC;D;BCD;D;A;B;A;AX;C;ACX;BX;ABCD;ABD;BCD;ABDX;ACDX;BD;A;ABCDX;AX;ABCD;DX
LEK;11;Adam;Mikroskop;9;9;AX;AX;BX;D;C;C;BC;AC;B;A;ABC;CX;AB;BC;AX;AX;C;BD;ABX;A;AX;AX;CD;CX;C;BD;BD;AB;D;BD;BCX;B;CD;AX;BX;D;A;ABCDX;BDX;BX;AX;ABX;CX;AX;AX;D;ABX;D;ABCDX;B;B;A;B;CD;D;A;ABX;AD;AD;AD;A;B;BX;C;AD;CX;DX;AB;C;DX;D;C;;BX;ACX;BC;AD;D;BDX;A;BC;D;C;DX;C;D;D;A;C;ADX;B;AB;A;CD;CD;D;ABCDX;D;BC;AD
LEK;11;Adéla;Periskopová;10;10;BD;AX;D;C;BX;ABC;BC;BC;B;BD;AC;CD;D;AB;AX;B;AX;BC;C;ACDX;ABD;AX;AD;CX;CD;AC;ACX;ABD;AC;BD;AD;A;ACD;C;D;C;C;ABCDX;B;AB;AX;ABX;A;B;B;A;B;AB;ABCDX;BDX;B;A;C;BD;C;A;ABX;ABDX;ABD;A;AC;AX;BX;AC;AD;A;DX;AB;CD;C;AB;C;DX;BX;ACX;AB;ACX;BX;BC;BCD;BD;C;AD;DX;D;C;BDX;A;BX;CD;ABC;AB;ABDX;BCD;BCDX;AB;ABCDX;C;ACD;AC
LEK;11;Adam;Mikroskop;11;11;AX;AX;C;AB;BX;AX;BC;ABCX;A;ADX;ABCD;CX;A;BC;C;B;AX;AC;A;ACDX;BC;AX;AD;CX;CD;ABCX;ABD;B;D;B;BCX;A;C;D;A;AX;BX;ABCDX;B;BX;AX;ABD;CX;D;AX;CDX;ABX;CD;ABCDX;BDX;BDX;B;DX;BCD;B;B;ABX;AD;BD;DX;ABCX;AX;BX;C;BD;CX;DX;BX;AD;A;BX;AB;C;BX;AD;ABC;BC;A;BDX;ABDX;ABCDX;C;BX;DX;D;AX;BC;A;BX;ADX;DX;B;ABDX;CD;BD;ABCX;ABCDX;AX;ABCD;DX
LEK;11;Adéla;Periskopová;12;12;AC;AX;D;AX;C;CD;AC;ABCX;B;BD;ABDX;BCD;AB;A;D;C;B;BC;AC;A;C;AD;ABDX;CX;C;AC;ABD;ADX;CDX;ABD;BCX;A;A;AX;A;C;BC;CD;D;AC;AC;ABX;CX;AX;AX;AD;CD;CD;ABC;B;BC;A;DX;BC;AX;A;ABX;AD;DX;AD;AB;AX;BX;AC;A;D;DX;C;BCD;DX;AD;ABC;A;D;ABCD;ABD;BD;A;BDX;BD;BD;D;BC;B;BX;C;CD;A;AB;ADX;ABC;AB;ABDX;BC;BD;AC;ABCDX;D;BC;AC
LEK;11;Adam;Mikroskop;13;13;AX;AX;BX;AX;BX;AX;BX;ABCX;DX;ADX;AB;CX;BX;ABC;AX;AX;AD;AX;A;ACDX;AX;AX;AD;CX;AX;ABCX;ACX;A;C;AD;BCX;ACX;ACD;AX;BX;AX;BX;ABCDX;BDX;BX;AX;ABX;CX;AX;AX;AD;ABX;CX;ABCDX;BDX;BDX;B;A;BCD;AX;CX;ABX;AD;DX;DX;ABCX;AX;BX;DX;BX;CX;DX;BX;ACX;DX;C;B;DX;BX;BCD;AB;BC;BX;B;AD;BD;AX;BX;DX;BX;AX;BDX;A;AB;ADX;DX;ABD;AB;CD;BD;B;D;AX;ABCX;DX
LEK;11;Adéla;Periskopová;14;14;AX;AX;C;B;BX;AX;BX;ABCD;A;A;CD;CX;C;ABCDX;AX;AX;AX;AX;ABX;ACDX;AX;AX;AD;CX;AX;ABCD;ACX;ADX;CDX;AD;BCX;A;ACX;C;A;AX;BX;ABCDX;BDX;BX;AX;B;CX;AC;AX;CDX;ABX;CD;ABCDX;BDX;BDX;ABX;A;B;AX;B;ABX;ABDX;DX;DX;C;C;BX;DX;BX;A;DX;ACD;ABC;A;A;AC;BD;D;ABD;BC;BC;A;BDX;AD;BD;AX;AB;B;BX;AX;D;A;BX;ADX;;ABD;ABDX;CD;BCDX;B;ABCDX;AX;B;C
LEK;11;Adam;Mikroskop;15;15;AX;AX;BX;AX;BX;AX;BC;ABCX;DX;ADX;D;CX;A;B;AX;D;D;AX;ABX;AC;AX;AX;BD;CX;AX;ABCD;ABC;AB;C;AD;BCX;A;CD;AX;BX;C;BC;ABCDX;BDX;BX;AX;ABX;CX;C;AX;CDX;ABX;CX;ABD;B;AB;ABX;DX;CD;B;A;ABX;ABDX;DX;DX;AB;AX;BX;DX;BX;CX;DX;BX;A;A;BX;B;DX;BX;ACD;CD;BCD;A;B;D;ABCDX;D;BX;DX;BX;AX;D;A;AB;ADX;DX;ABCDX;ABDX;CD;BCDX;ABCX;ABCDX;D;ABCD;DX
LEK;11;Adéla;Periskopová;16;16;AX;AX;D;AB;BX;AX;BX;ABCX;AB;ADX;BD;CX;AB;C;AX;;D;D;;AC;AX;AX;D;CX;C;C;AD;ADX;CDX;A;BCX;A;CD;D;BC;AX;BX;ABD;D;BX;AX;B;CX;AX;ABD;CDX;;CX;AC;AB;BDX;B;C;BC;ABC;;A;ABDX;AD;DX;AB;D;BX;DX;A;;DX;A;C;DX;BX;B;;A;B;ACX;BC;;;BD;D;;BX;A;D;D;D;A;AB;ADX;DX;AB;ABDX;CD;BCDX;AB;C;D;C;DX
LEK;11;Adam;Mikroskop;17;17;C;AX;BX;AX;BX;AX;BX;C;A;A;D;CX;D;D;B;B;D;C;A;AC;B;AX;AD;A;AX;AD;ABC;ADX;C;AD;BCX;A;AD;D;A;AX;C;AD;A;BX;AX;B;CX;AX;AX;BD;ABX;CX;ABC;B;BDX;B;C;D;C;CX;ABX;BD;DX;AD;BC;B;BX;DX;BX;D;DX;CD;BC;B;D;C;A;BX;ACD;A;AD;C;BDX;A;D;C;BX;C;A;AX;D;A;AB;B;B;A;B;D;C;B;D;AX;A;DX
LEK;11;Adéla;Periskopová;18;18;AX;AX;BX;AX;BX;AX;BC;ABCD;DX;ADX;ABDX;CX;BX;A;AX;AX;AX;AX;ABX;ACDX;AX;AD;ABDX;CX;AX;BCD;ACX;ADX;CDX;ABX;BCX;ACX;ACX;AX;BX;AX;BC;ABCDX;BDX;BX;AX;ABX;CX;AX;AX;CDX;ABX;CX;ABCDX;BDX;BDX;ABX;A;BCD;AX;CX;ABX;ABDX;DX;DX;AB;AX;BX;DX;BX;CX;DX;BX;C;DX;BX;C;B;BX;AD;BC;AD;A;BDX;AD;ABCDX;D;BC;DX;D;AX;BDX;A;AB;BD;DX;ABCDX;ABDX;C;BD;AB;BCD;D;ABCX;DX
LEK;11;Adam;Mikroskop;19;19;AX;AX;BX;AX;BX;B;BX;ABCX;DX;ADX;ABDX;CX;BX;C;AX;AX;AX;AX;ABC;ACDX;AX;AX;ABDX;CX;AX;ABCX;ABC;ADX;CDX;ABD;BCX;A;ACX;AX;BX;AX;BX;ABCDX;BDX;BX;AX;ABX;CX;AX;AX;CDX;ACD;CX;ABCDX;BDX;AC;ABX;C;BC;AX;CX;A;ABDX;DX;DX;B;B;BX;A;BX;CX;DX;AC;C;DX;BX;C;C;A;AD;ACX;BC;;A;ABDX;B;C;BX;A;BX;AX;D;ACX;BX;ADX;B;ABCDX;ABDX;ACDX;BCDX;ABCX;ABCDX;AX;ABCX;DX
LEK;11;Adéla;Periskopová;20;20;AX;AX;D;AX;BX;AX;BX;ABCX;DX;ABD;BD;CX;AB;B;AX;C;AX;AC;ABD;ACDX;AX;AX;ABDX;CX;AX;ABCX;AD;D;C;ABX;BCX;A;CD;AX;BX;AX;BX;ABCDX;BDX;BX;AX;ABX;CX;AX;AX;C;AD;BCD;ABCDX;BDX;BDX;ABX;A;BCD;C;CX;A;ABDX;DX;DX;ABCX;AX;D;DX;BX;CX;DX;BX;AB;A;BX;C;DX;A;ACD;CD;A;BX;C;ABDX;BD;C;D;DX;BX;AX;BDX;A;BX;ADX;DX;ABCDX;ABDX;CD;BCDX;B;ABCDX;D;ABCD;DX
LEK;11;Adam;Mikroskop;21;21;AX;AX;D;B;BD;D;BC;AB;C;BC;CD;CX;AB;B;AX;AX;B;B;D;A;CD;AX;AD;CX;C;BD;ABC;AB;C;AD;BCX;A;CD;C;A;AX;D;BD;B;A;B;ABX;A;;AX;D;ABX;CX;ABC;A;BDX;B;DX;CD;C;A;AC;BD;AD;DX;BC;C;BX;DX;BD;CX;DX;C;D;C;A;D;A;BX;AD;ACD;BC;BX;B;D;BD;D;BC;B;C;C;AD;A;BX;ADX;DX;AB;A;CD;BCDX;B;B;AX;AD;DX
LEK;11;Adéla;Periskopová;22;22;AX;AX;C;AB;BX;AX;BX;ABCX;DX;ACD;ABDX;A;A;ABCDX;AX;AX;AX;AC;A;AC;AX;AX;ABDX;B;AX;ABCX;ACX;ADX;CDX;A;BCX;ACX;ACD;AX;BX;AX;C;ABCDX;BDX;AB;AX;ABX;CX;AX;AX;CDX;ABX;CX;ABCDX;ABCD;B;B;A;BCD;AX;CX;ABX;AD;DX;DX;BC;AX;BX;C;BX;CX;DX;BX;ABC;A;A;AC;B;D;CD;C;BCD;A;C;AD;ABCDX;B;BX;A;BX;AX;BDX;A;BX;ADX;B;ABD;ABDX;AD;BCDX;AC;ABCDX;AX;ABCD;DX
LEK;11;Adam;Mikroskop;23;23;AX;AX;C;B;BX;AB;BX;ABCX;DX;A;AC;CX;BX;BC;AX;AX;AD;AX;ABX;ACDX;AX;AX;AD;A;C;AB;ABC;ADX;CDX;ABX;AC;D;ACD;AX;C;AX;A;ABCDX;BDX;A;AX;ABD;CX;AX;AX;CDX;BD;D;ABCDX;BDX;BDX;B;DX;AB;AX;B;A;BD;AD;CD;BC;C;BX;DX;BX;CX;DX;BX;ACX;C;A;AB;C;A;BCD;BC;ACD;BX;AC;A;BCD;AX;BC;DX;D;AC;D;A;BX;D;AD;AD;AD;CD;CD;AB;ABC;D;A;DX
LEK;11;Adéla;Periskopová;24;24;AX;AX;BX;AX;BX;AX;BX;ABCX;DX;ADX;A;CX;A;ABCDX;B;AX;AX;AC;ABX;AD;AX;AX;ABDX;CX;AX;ABCD;ACX;ADX;CDX;ABX;BCX;ACX;A;AX;BX;AX;BC;ABCDX;BDX;BX;AX;ABX;CX;AX;AX;CDX;ABX;CX;C;BDX;BDX;ABX;DX;D;C;CX;ABX;ABDX;DX;DX;AB;AX;BX;DX;A;CX;DX;C;AB;DX;BX;C;DX;BX;ACD;ACD;ACX;D;BDX;ABDX;B;AX;BX;DX;BX;AX;BDX;ACX;BX;ADX;DX;ABD;ABDX;ACDX;BD;ABCX;ABCDX;AX;A;DX
LEK;11;Adam;Mikroskop;25;25;AX;AX;D;C;BX;AX;BX;ABCX;DX;C;B;CX;A;B;AX;D;AX;B;B;AC;AX;AX;D;A;C;A;ABC;AB;C;ABD;BCX;B;D;AX;A;AX;BD;ABCDX;BDX;A;B;ABX;D;C;AX;D;ABX;CX;ABC;BDX;D;A;C;BD;C;B;ABX;ABDX;AD;AD;B;AX;BX;DX;C;CX;DX;C;CD;C;BX;B;A;D;ACX;ACD;ACX;A;BDX;D;B;D;D;A;D;AX;AD;A;BX;C;B;ABD;ABDX;CD;D;B;ABCDX;AX;A;DX
LEK;11;Adéla;Periskopová;26;26;C;AX;D;AB;BX;AB;AB;ABCX;B;ADX;D;B;C;B;AX;D;AX;D;BD;AC;AX;AX;ACD;AB;AX;AB;ACX;ADX;D;ABD;BCX;A;ACD;D;BX;AX;BX;ABD;D;BX;AX;B;CX;C;B;D;BC;CX;ABCDX;AB;BDX;B;AB;BC;AX;CX;ABX;ABDX;DX;AD;AB;B;BX;DX;BX;CX;DX;C;BC;C;D;C;DX;D;ACD;ABCD;ACX;A;BDX;AD;BCD;AX;AB;B;C;AX;BDX;A;BX;ADX;DX;BCD;ABDX;C;BCDX;B;ABD;C;B;DX
LEK;11;Adam;Mikroskop;27;27;AB;AX;BX;C;C;AX;CD;ABCX;B;BCD;CD;D;AB;A;C;D;B;AC;A;A;ABC;C;D;D;CD;C;ABC;A;C;ABD;AC;B;CD;C;AB;B;C;ABD;ABCD;A;ABC;ABX;D;B;AX;BCD;B;D;C;BDX;BDX;B;B;BD;AX;CX;BC;AD;AD;AD;ABCX;B;BX;ABD;A;CX;DX;ABD;BC;A;D;BC;C;D;AB;BCD;ACX;A;BDX;ABDX;BC;C;A;DX;C;D;CD;AB;AD;B;B;BC;ABC;BC;BCDX;C;ABCDX;D;ACD;ACD
LEK;11;Adéla;Periskopová;28;28;AX;D;BX;C;BX;ABC;BX;ABCD;DX;BCD;AD;CX;A;ABCDX;AX;D;AD;AX;ABX;AD;AX;AX;AD;CX;CD;C;ABC;ADX;CDX;BD;CD;ACX;ACX;AX;BX;B;BX;ABCDX;BDX;BX;AX;ABD;CX;AX;AX;CDX;ABX;CX;ABCDX;AB;C;B;DX;ABC;ABC;CX;ABX;ACD;DX;AB;BD;C;BD;C;BX;B;DX;BX;A;DX;C;C;DX;BX;C;CD;B;AD;B;BD;D;D;BX;DX;BX;AX;B;A;A;A;A;ABD;BC;A;CD;A;ABD;D;ABCX;DX
LEK;11;Adam;Mikroskop;29;29;AX;AX;C;AX;BX;AX;BC;ABCX;DX;A;AB;CX;A;ABCDX;AX;AX;AX;AX;A;A;AX;AX;ABDX;CX;CD;ACD;ACX;AB;CDX;D;C;ACX;ABCD;AX;BX;AX;BX;ABCDX;BDX;BX;AX;D;CX;AX;AX;ACD;ABX;CX;A;ABD;BDX;ABX;C;BD;C;CX;A;BD;DX;BD;AB;C;BX;DX;BD;CX;DX;C;BC;B;C;C;C;BX;ACX;C;B;BX;A;D;B;C;BX;DX;BX;AD;BDX;ACX;AB;ADX;DX;ABCDX;ABDX;CD;BCDX;A;ABCDX;AX;ACD;DX
LEK;11;Adéla;Periskopová;30;30;AX;AX;BX;AX;BX;AX;BX;BC;DX;ADX;ABDX;CX;BX;ABCDX;AX;AX;AX;AX;ABX;ACDX;AX;AX;AD;CX;AX;ABCX;AD;ADX;CDX;ABX;BCX;ACX;ACX;AX;BX;AX;BX;ABCDX;BDX;BX;AX;ABX;CX;B;AX;CDX;ABX;D;ABCDX;BDX;BDX;B;DX;BCD;AX;CX;ABX;ABDX;DX;DX;AB;B;BX;A;A;D;DX;AB;BC;DX;BX;B;DX;A;AD;C;BCD;A;B;BD;BD;B;BX;DX;BX;AX;D;A;AB;C;B;B;BD;CD;C;B;D;AX;ABCX;DX
LEK;11;Adam;Mikroskop;31;31;AB;AX;D;B;BX;AB;AB;A;DX;BD;CD;CX;BX;BD;AX;AX;AD;AX;D;AC;AB;AX;ABDX;A;CD;BD;ABC;AB;CDX;B;BCX;A;A;AX;BX;AX;BX;ABD;A;BX;AX;ABX;D;D;AX;CDX;ABX;B;ABC;BDX;BDX;B;C;AB;AX;CX;A;B;AD;DX;BC;AX;BD;DX;BX;CX;DX;BX;A;B;BX;C;DX;BX;D;ACD;ACD;BX;CD;BD;BCD;D;C;A;A;B;B;A;A;ADX;B;B;ABDX;CD;C;B;ABCDX;AX;A;C
LEK;11;Adéla;Periskopová;32;32;AC;AX;BX;AB;BX;AX;BX;ABCX;DX;BCD;C;CX;A;BCD;AX;AX;AX;BC;A;ACDX;AX;AX;AD;CX;AX;C;ABD;ADX;D;A;AC;A;ACD;AX;D;C;C;AD;D;BX;AX;ABX;CX;C;AX;C;ABCD;CD;ABCDX;B;D;A;DX;ABD;AX;B;A;ABDX;A;DX;AB;AX;BX;DX;C;CX;DX;BX;C;A;BX;B;DX;BD;D;ACD;ACD;AD;A;AD;BC;D;BC;DX;BX;C;BDX;A;BX;ADX;DX;ABCDX;ABDX;ACDX;ABCD;B;C;AX;AD;DX
LEK;11;Adam;Mikroskop;33;33;AX;AX;BC;AX;BX;AX;BX;ABCX;DX;ADX;D;CX;BX;A;AX;B;AX;C;A;AC;AX;AX;AD;CX;AX;AB;C;D;CDX;ABX;BCX;B;ABCD;AX;BX;AX;BX;ABCDX;BDX;BX;AX;ABX;CX;AX;AX;CDX;ABX;CX;ABCDX;BDX;BDX;B;C;BD;AX;B;A;ABDX;DX;DX;AB;B;BX;B;BX;CX;DX;BD;D;A;AD;C;C;D;CD;BC;A;A;CD;A;B;AX;BX;DX;BX;B;D;A;BX;A;B;A;AB;CD;BC;BC;BCD;D;A;AC
LEK;11;Adéla;Periskopová;34;34;BC;AX;D;B;BX;B;BX;AD;B;ADX;CD;BC;BX;AB;AB;AX;C;AC;ABX;A;C;ABCD;AD;D;D;A;ACX;A;AD;ACD;BCX;B;BD;C;BX;AX;;CD;D;D;AX;B;A;AX;AX;A;B;D;A;A;D;B;A;BD;C;CX;B;AD;DX;B;BD;CD;BX;C;BX;CX;DX;C;C;B;A;AX;B;A;D;C;BC;A;AB;A;BC;C;A;DX;D;AD;C;C;AC;BD;DX;CD;B;C;A;C;C;B;D;DX
LEK;11;Adam;Mikroskop;35;35;AC;AX;BX;D;BX;AC;AB;ABCX;BCD;BD;C;CX;BX;BCD;AX;D;AD;AX;B;C;D;AX;ABDX;CX;AX;ABD;ABCD;ADX;CDX;AD;BCX;ACX;ABCD;C;A;B;BC;AB;A;BX;AX;ABX;D;C;B;AB;ABD;ABCD;AC;B;BDX;ABX;A;BD;AX;CX;A;BD;AD;DX;AC;AX;C;DX;BD;B;DX;BX;C;A;D;AC;DX;BX;CD;C;ACX;ABD;B;ABDX;CD;D;AB;A;BX;C;AD;A;BX;ADX;B;AB;ABDX;CD;CD;B;AD;D;A;AC
LEK;11;Adéla;Periskopová;36;36;AX;AX;BX;AX;BX;AX;AB;ABCX;DX;ADX;BD;CX;AB;ABCDX;AX;AX;AX;AX;ABX;ACDX;AX;AX;ABDX;CX;AX;ABCX;ACX;ADX;CDX;AD;BCX;ACX;ACX;AX;BX;AX;C;ABCDX;BDX;BX;AX;ABX;CX;AX;AX;CDX;ABX;D;ABCDX;BDX;D;ABX;DX;D;AX;A;ABX;AB;AD;DX;B;AX;BX;DX;BX;CX;DX;D;ABC;DX;BX;CD;DX;BX;A;ACX;BC;D;B;AD;BC;D;BX;DX;D;AX;D;ACX;BX;ADX;B;BCD;ABDX;ACDX;B;ABCX;BD;AX;ABCD;DX
LEK;11;Adam;Mikroskop;37;37;AX;AX;BX;B;BX;B;AB;AC;DX;A;ABDX;CX;BX;AB;AX;AX;AB;BC;ABX;AC;AX;AX;ABDX;AC;AX;ABCX;ABC;ADX;CDX;ABX;BCX;ACX;ACX;AX;BX;D;BX;ABCDX;BDX;BX;AX;ABX;CX;AX;AX;CDX;ABX;CD;ABCDX;BDX;B;A;DX;ABD;AX;A;A;AD;DX;DX;AC;AX;D;DX;BX;D;DX;C;C;A;BX;C;DX;BX;A;A;BC;BX;B;BD;BD;D;BX;DX;BX;AX;D;ACX;BX;ADX;BD;AD;AD;AD;CD;A;BCD;AX;ABCX;DX
LEK;11;Adéla;Periskopová;38;38;AX;AX;D;AX;C;AX;BX;C;DX;ADX;ABDX;CX;BX;AB;AX;AX;D;AC;ABX;ACDX;AX;D;ABDX;CX;C;ABD;ACX;ADX;BCD;ABX;BD;ACX;ACD;AX;C;AX;BX;A;BDX;A;AX;ABX;CX;AX;AX;CDX;ACD;CX;ABCDX;BDX;BDX;ABX;DX;B;AX;CX;A;A;ABD;CD;AB;D;BX;DX;C;CX;DX;BX;B;A;BX;AX;DX;BC;ACX;ACX;BC;AC;B;A;D;C;AD;DX;D;AD;D;C;BX;ADX;B;AD;ABDX;AD;ABC;AB;BD;D;A;C
LEK;11;Adam;Mikroskop;39;39;AX;AX;C;AB;BX;AX;AB;BC;DX;AC;AD;A;AB;BCD;B;D;AX;AC;A;A;B;AX;D;A;C;ABCD;ABC;D;D;A;C;D;ACD;AX;BX;AX;A;ABCDX;D;AB;AX;ABC;CX;AX;AX;CDX;ABD;D;ABCDX;AB;BDX;B;DX;BD;D;D;ABX;AD;DX;AD;AB;C;C;CD;A;D;DX;C;D;A;C;C;C;A;C;C;AD;C;BDX;BD;D;B;BX;B;BX;AX;D;C;BX;A;DX;B;AB;C;D;B;ABCDX;AX;A;C
LEK;11;Adéla;Periskopová;40;40;AC;AX;D;ACD;C;AB;AB;ABCX;DX;ABC;D;AC;BC;A;AX;B;AX;AX;D;ACDX;AX;AX;AB;CX;AX;AC;AB;AB;D;AD;BCX;A;ACD;AX;BC;AX;AB;ABCDX;D;BX;AX;ABD;D;AX;C;CDX;BD;BC;ABCDX;BDX;D;A;DX;BD;C;B;ABX;ABDX;DX;DX;ABCX;C;BX;DX;BD;CX;DX;BX;ACD;C;BD;AX;A;C;ABC;ABC;ACX;ABD;BDX;AD;D;AX;C;B;BX;AC;D;A;AB;ADX;BD;ABCDX;ABDX;CD;AB;C;ABCDX;AX;ACD;DX
LEK;11;Adam;Mikroskop;41;41;AX;AX;BX;AX;BX;AX;BC;ABCX;DX;ADX;ABDX;B;D;ABCDX;AX;AX;AX;ABCD;AC;ACDX;AX;AX;AD;A;C;ABCD;ACX;ADX;CDX;ABC;BCX;A;ACX;C;BX;AX;BX;ABCDX;B;BX;AX;ABX;CX;B;AX;CDX;AD;ACD;AC;BDX;BDX;B;DX;BD;AX;CX;ABX;ABDX;DX;DX;ABCX;D;BX;C;BX;CX;DX;BX;C;B;C;C;DX;BX;AB;ACX;B;BX;C;AD;BCD;AX;BX;A;BX;AX;D;ACX;BX;ADX;DX;ABD;ABDX;CD;BCDX;ABCD;A;AX;ABCD;DX
LEK;11;Adéla;Periskopová;42;42;AX;AX;BX;AX;BX;AX;BC;ABCX;DX;BC;BD;CX;AB;ACD;AX;AX;AD;AX;A;BD;C;AX;ABDX;B;C;AC;ABC;ABD;D;AD;BCX;D;ACX;AX;BC;AX;BX;AD;BDX;A;AX;ABCD;CX;C;AX;C;B;D;ABC;BDX;D;A;A;CD;AX;A;BC;ABDX;AD;A;C;C;BX;B;CD;D;DX;C;C;B;D;BC;B;A;ACX;BC;BC;A;AC;ABDX;CD;AX;D;DX;D;CD;CD;A;BX;AB;B;AB;ABDX;CD;BD;AC;ABCDX;D;ACD;A
LEK;11;Adam;Mikroskop;43;43;AX;CD;D;BD;BC;AX;AD;AC;B;D;B;AB;D;AD;D;AX;AX;AX;B;A;BC;D;AB;BCD;C;D;ABC;AB;BD;ACD;ABC;A;ACD;B;BX;AX;C;ABCDX;BDX;D;D;ABD;D;C;AX;C;A;CX;A;AB;D;A;DX;C;C;CX;BD;ABDX;ACD;ABD;ABCX;C;BX;AC;AD;D;DX;D;ACX;DX;A;C;A;D;ABD;CD;C;A;BDX;ABC;BD;D;D;A;BX;AD;C;D;CD;C;BC;BC;BD;ACDX;BD;D;AB;D;ACD;AB
LEK;11;Adéla;Periskopová;44;44;AX;AX;BX;AX;BX;AX;BX;ABCX;DX;ADX;ABDX;CX;BX;ABCDX;AX;AX;AX;AC;ABX;ACDX;AX;AX;ABDX;CX;AX;ABCX;ACX;ADX;CDX;ABX;BCX;ACX;ACD;AX;BC;AX;BX;ABCDX;BDX;BX;AX;ABX;CX;AX;AX;CDX;AD;CX;ABCDX;BDX;BDX;A;DX;ABCDX;AX;CX;A;ABDX;DX;DX;AB;C;BX;C;A;CX;DX;BX;A;DX;C;C;DX;BX;ACX;C;A;C;B;AD;ABC;D;BX;DX;D;AX;D;A;BX;A;DX;ABC;ABDX;ACDX;CD;ABCX;ABCDX;AX;ACD;DX
LEK;11;Adam;Mikroskop;45;45;AX;AX;BX;AX;BX;AX;BX;ABCX;DX;ADX;ABCD;CX;BX;ABCDX;AX;AX;AX;AX;C;ACDX;AX;AX;AD;CX;AX;ABCD;ACX;D;CDX;BD;BCX;A;A;AX;BX;C;BX;ABCDX;BDX;BX;AX;A;CX;AX;AX;CDX;ABX;CX;ABCDX;BDX;D;A;DX;D;C;CX;A;AD;DX;DX;B;C;;AC;BX;B;DX;C;ACX;DX;;;C;BX;C;ACX;BD;C;B;D;BCD;C;BX;;BX;D;BDX;A;BX;ADX;CD;ABD;A;CD;CD;B;BC;AX;AC;DX
LEK;11;Adéla;Periskopová;46;46;AX;AX;A;AX;BX;AB;BX;ABCD;C;D;C;CX;A;BD;AX;C;D;D;AD;A;AD;C;A;CX;CD;D;ABC;A;A;C;AC;B;BD;D;BX;B;BX;ABCDX;BDX;BX;AX;ABD;CX;AX;B;D;BD;D;AB;B;BDX;B;DX;AC;AX;CX;A;ABDX;DX;ABD;AC;D;BX;C;BX;A;DX;C;AD;CD;C;C;AD;D;ACX;CD;BC;A;BCD;A;C;AX;D;B;D;C;AB;A;BX;A;C;ABD;AB;CD;BCDX;A;ABCDX;AX;A;DX
LEK;11;Adam;Mikroskop;47;47;AX;AX;BX;AD;BX;AX;AC;ABCX;DX;ADX;ABDX;CX;AB;ABCDX;AX;B;CD;AX;A;AD;AX;AX;ABDX;CX;AX;ABCX;ACX;D;CDX;ABX;BCX;A;ACD;AX;BX;AX;BX;ABCDX;BDX;BX;AX;ABC;CX;AX;AX;CDX;ABX;D;ABCDX;BDX;D;A;A;D;AX;A;A;ABDX;DX;AD;C;AX;BX;DX;BX;D;DX;BX;B;DX;BX;C;DX;BX;ACX;BD;B;D;A;D;BD;C;BC;DX;D;AX;BDX;A;BX;ADX;BD;AB;ABDX;CD;BCDX;BC;BD;AX;AC;C
LEK;11;Adéla;Periskopová;48;48;AX;AX;BX;AX;BX;AX;BX;ABCX;B;ADX;ABDX;CD;A;ABCDX;AX;AX;AX;AC;ABX;ACDX;AX;AX;AD;A;AX;BC;ACX;ADX;CDX;AD;BCX;ACX;ACX;AX;BC;AX;BX;ABCDX;BDX;BX;AX;ABC;CD;C;AX;CDX;ABX;BC;ABCDX;BDX;BDX;ABX;DX;BC;AX;CX;A;ABDX;DX;DX;AB;AX;BX;CD;BD;D;DX;BX;CD;DX;A;AX;A;BX;A;ACX;ACD;BX;B;D;BCD;AX;BX;DX;BX;AX;BDX;ACX;BX;ADX;AD;AB;ABDX;C;ABC;AB;ABCDX;BD;ABCD;DX
LEK;11;Adam;Mikroskop;49;49;AC;AX;C;D;BX;AX;BX;ABCX;C;ABC;BC;CX;A;BC;AX;AX;ABD;D;ABX;ACDX;AX;AX;BD;CX;AX;D;ACX;ADX;CDX;ABX;BCX;A;ACX;AX;A;AX;AC;ABCDX;BDX;A;AX;C;CX;C;B;CDX;ABX;BC;ABC;BDX;B;A;DX;B;AX;CX;ABX;AD;ABD;DX;AB;AX;BX;AD;BX;CX;DX;BX;CD;DX;BX;B;DX;BX;ACD;ACX;ACX;AB;BDX;AD;BD;AX;BX;DX;C;C;BDX;ACX;BX;ADX;DX;ABD;ABDX;CD;CD;B;ABCDX;D;AB;DX
LEK;11;Adéla;Periskopová;50;50;AX;AX;A;AX;BX;AX;BX;ABCX;DX;ADX;ABDX;CX;BX;ABCDX;AX;AX;AX;AX;ABX;AC;AX;AX;AD;CX;C;ABCX;ACX;ADX;CDX;ABX;BCX;A;ACX;AX;BX;AX;BX;ABCDX;BDX;BX;AX;ABX;CX;AX;AX;CDX;ABX;CX;ABCDX;BDX;BDX;B;DX;CD;B;B;AC;ABDX;DX;AD;ABCX;AX;BX;DX;BX;D;DX;BX;ABC;B;BX;BC;B;A;ACX;A;BC;ABD;A;ABDX;BD;AX;BX;DX;BX;AX;D;A;BX;ADX;DX;AB;ABDX;CD;BCDX;AC;ABCDX;BD;ABCX;DX
LEK;11;Adam;Mikroskop;51;51;AX;AX;BX;AX;BX;AX;A;ABCX;DX;ADX;ABDX;D;D;AB;AX;AX;AX;AX;ABX;AC;AX;AX;AD;CX;AX;ABCX;ABC;ADX;CDX;D;C;C;ACX;AX;BX;AX;BX;AB;BDX;BX;AX;ABX;CX;AX;AX;CDX;ABX;CX;ABCDX;BDX;BDX;ABX;DX;BD;AX;CX;ABX;ABDX;DX;DX;AB;AX;BX;DX;BX;CX;DX;BX;A;DX;C;C;AC;A;A;C;ACX;D;C;A;BCD;C;BX;DX;BX;AX;D;A;BX;A;DX;ACD;ABDX;ACDX;BC;AB;A;B;ABCX;DX
LEK;11;Adéla;Periskopová;52;52;AX;AX;BX;AD;A;ABD;BX;ABCX;B;BD;ABCD;AC;AB;AB;AX;AX;AX;AX;D;AC;BD;AX;ABDX;CX;C;ABCX;ABC;ABD;C;ABD;AD;A;ACD;AX;D;AX;BX;ABD;BDX;BX;AX;ABX;CX;B;AX;C;BD;BCD;AB;B;A;D;C;BD;ABC;A;BC;AD;BD;AB;ABCX;D;AB;DX;AD;D;DX;BX;ABC;DX;A;ABD;B;AD;ACX;CD;ACD;C;C;ACD;BD;D;ACD;DX;D;AX;CD;C;AB;ABD;ABC;ABCDX;ABDX;C;ABC;CD;BCD;AX;ABCD;DX
LEK;11;Adam;Mikroskop;53;53;D;AX;BX;AX;BX;AX;BX;ABCX;B;ADX;ABCD;A;BX;ABCDX;AX;AX;AD;AX;ABX;ACDX;AX;AX;ABDX;A;AX;ABCX;ACX;ADX;CDX;ABX;BCX;ACX;ACX;AX;BX;AX;BX;AB;BDX;BX;AX;ABX;CX;C;AX;CDX;ABX;CX;ABCDX;BDX;BDX;ABX;C;BCD;AX;CX;A;ABDX;DX;DX;ABCX;B;BX;DX;AD;B;DX;BX;C;DX;D;BD;DX;BX;AB;ACD;BD;A;BDX;AD;BC;;BC;DX;D;C;BCD;A;BX;ADX;DX;BD;ABDX;CD;BCDX;B;A;AX;ACD;DX
LEK;11;Adéla;Periskopová;54;54;C;AX;D;B;BX;AX;BX;ABCX;C;CD;D;CX;D;B;AX;AX;BC;AC;BD;AC;B;AX;AD;CX;C;CD;ABC;B;CDX;ABD;B;A;ACD;D;A;AX;BX;ABCDX;D;A;AX;ABD;CX;AX;AX;D;BCD;D;ABC;A;BDX;B;DX;BD;AX;B;ABX;ABDX;CD;DX;BC;C;BX;C;BX;CX;DX;BX;D;A;D;AX;DX;A;ACX;C;BD;A;BDX;D;B;D;C;DX;C;C;AD;A;BX;ADX;B;AB;ABDX;CD;BD;BC;ABD;D;A;C
LEK;11;Adam;Mikroskop;55;55;AX;AX;D;B;CD;AX;ACD;BC;B;BD;A;CX;BX;BD;D;B;D;AX;B;AD;AX;C;A;CX;D;;ABC;A;D;BCD;C;B;BCD;C;C;AX;C;ABD;D;C;AB;B;CX;C;AX;CDX;D;BD;ABCDX;BDX;C;D;A;BCD;AX;CX;A;BD;DX;AD;A;B;BX;DX;BX;CX;BCD;BX;CD;C;D;AX;A;A;ACX;BC;B;BX;C;AD;D;B;A;DX;BX;AX;AC;D;BX;C;A;BC;AD;D;C;B;AB;AX;AD;B
LEK;11;Adéla;Periskopová;56;56;AB;AX;BX;B;BX;AB;BC;AB;B;A;C;CX;BX;B;B;B;AX;D;D;CD;B;D;A;CX;AX;ACD;ABC;A;A;AD;A;A;ACD;C;BX;AX;C;ABCDX;BDX;BX;AX;ABD;CX;C;B;BC;BD;CX;ABCDX;B;B;B;A;D;C;CX;A;ABDX;AD;BD;BC;B;BX;BD;BD;CX;DX;BX;D;C;D;AX;DX;A;ACX;AB;BD;AD;BDX;BD;BD;AX;BX;DX;D;AX;D;D;AB;ABCD;B;AC;ABDX;BCD;BCDX;AB;ABCDX;D;AD;AC
LEK;11;Adam;Mikroskop;57;57;B;B;C;D;BX;D;BX;D;DX;D;A;D;C;B;D;C;C;B;C;D;D;C;B;CX;B;D;ABC;D;B;A;A;D;A;AX;A;D;D;A;BDX;C;ABD;D;CX;D;AX;D;A;CX;A;A;C;C;DX;D;B;B;;D;B;DX;C;D;BX;A;BX;D;A;AD;C;C;D;C;A;D;C;B;B;A;A;A;D;D;A;B;D;D;C;D;C;BD;C;C;C;D;A;D;A;AX;B;C
LEK;11;Adéla;Periskopová;58;58;AX;AX;C;AX;A;AX;BX;ABCX;DX;D;ABDX;CX;BX;AB;AX;AX;AX;BC;ABX;AC;AX;AX;AD;A;AX;ABCX;ACX;ADX;CDX;ABX;BCX;ACX;ACX;AX;BX;AX;BC;ABCDX;BDX;BX;AX;B;CX;AX;AX;CDX;ABX;CX;ABCDX;BDX;AD;B;A;CD;ABC;A;ABX;ABDX;DX;DX;ABCD;B;D;ABCD;BX;CX;DX;BX;A;DX;BD;B;BC;A;ACX;ABCD;A;C;A;D;D;D;BX;DX;C;ABCD;D;A;BD;D;C;AB;AD;C;BCDX;B;D;AX;ABCX;DX
LEK;11;Adam;Mikroskop;59;59;AX;AX;BX;B;BX;B;BC;ABCX;DX;ADX;ABDX;CX;BX;ABCDX;AX;AX;AX;B;ABX;ACDX;AX;AX;ABDX;CX;AX;BCD;ACX;ADX;CDX;B;BCX;ACX;ACX;AX;BX;AX;BX;ABCDX;BDX;BX;AX;ABX;CX;AX;AX;CDX;ABD;CX;ABCDX;BDX;BDX;ABX;C;D;AX;CX;A;AD;DX;DX;BC;C;D;DX;BX;CX;DX;A;BC;C;BX;BC;B;D;ACD;ACX;BCD;A;B;ABDX;BC;D;BX;DX;D;AX;D;C;BX;ACD;DX;A;ABDX;D;BCDX;ABCX;ACD;AX;ABCX;DX
LEK;11;Adéla;Periskopová;60;60;AX;AC;D;AD;BD;B;BC;BC;A;BCD;CD;BC;C;BC;C;AX;AC;BC;B;ABCD;CD;AX;AD;CX;CD;ABCX;ABC;ADX;CDX;ABX;BD;A;ABCD;C;BC;AX;BD;BD;BDX;AC;AC;ABD;A;B;AX;A;CD;BCD;ABC;ABD;A;A;A;BD;AX;B;ABX;ABDX;AD;AD;AB;B;D;C;A;D;DX;ABD;ACX;A;BX;AB;DX;D;ACD;ABC;BD;AD;AC;ABDX;BC;C;BC;DX;BX;D;C;ACX;CD;BCD;BCD;ABC;BD;ABCD;ABCD;B;C;AX;ABD;CD
LEK;11;Adam;Mikroskop;61;61;AC;AX;D;D;BX;AB;BX;ABCX;DX;ADX;BCD;CX;BX;ABCDX;AX;AX;AX;AX;A;ACDX;AX;AX;ABDX;CX;AX;ABCX;ACX;ADX;CDX;ABX;BCX;A;ACD;AX;BX;AX;BC;ABCDX;BDX;BX;AX;ABD;CX;D;AX;CDX;;CD;ABCDX;BDX;BDX;B;DX;BC;C;CX;ABX;ABDX;AD;DX;ABCD;AX;BX;DX;BX;CX;DX;AD;BC;DX;BX;AX;DX;BX;ACX;ACX;BCD;A;BDX;ABDX;BD;;BX;B;;AX;BDX;A;BX;ADX;AD;ABCDX;ABDX;ACDX;BCDX;AB;ABCDX;D;ACD;DX
LEK;11;Adéla;Periskopová;62;62;AX;AX;BX;AX;BX;AX;BX;ABCX;DX;ADX;ABDX;CX;BX;ABCDX;AX;AX;AD;ACD;ABC;AC;AX;AX;ABDX;CX;AX;ABCD;ACX;ADX;CDX;AD;BCX;ACX;ACX;AX;BX;AX;C;ABCDX;BDX;BX;AX;ABX;CX;AX;AX;CDX;ABX;CX;ABCDX;BDX;BDX;ABX;C;D;D;B;AD;BD;DX;BD;BC;AX;A;C;BX;CX;DX;BX;ACX;DX;D;D;C;BX;AB;C;BD;C;D;AD;BD;D;A;B;BX;AX;D;A;AB;A;AC;ABC;ABDX;D;BCDX;B;ABD;AX;ABCX;A
LEK;11;Adam;Mikroskop;63;63;AB;AX;BD;AD;BX;AX;BX;ABCX;DX;AC;BD;B;BX;ABCDX;AX;B;AX;C;A;ACDX;AX;AX;C;CX;AX;ABCD;ACX;ADX;CDX;ACD;BCX;D;ACD;B;C;C;C;ABCDX;BDX;BX;AX;B;CX;AX;AX;CDX;ABX;BC;ABCDX;ABD;A;ABC;DX;BD;AX;CX;ABX;BD;AD;AD;ABCX;AX;C;AC;BD;D;DX;C;ABC;DX;D;ACD;C;BX;ABCD;ACX;A;BX;BDX;A;BCD;C;ACD;DX;D;C;B;ACX;BX;ADX;DX;CD;ABDX;ACDX;CD;AB;ABC;BD;ABCD;AC
LEK;11;Adéla;Periskopová;64;64;AX;AX;D;AX;BX;AX;BX;ABD;DX;ADX;BD;CX;A;ABCDX;AX;AX;C;AC;ABX;ACDX;AX;AX;AD;CX;AX;ABCX;ABC;AB;CDX;AD;BCX;ACX;ACD;C;A;AX;BX;ABCDX;BDX;BX;AX;ABX;CX;AX;AX;CDX;ABX;B;ABCDX;BDX;B;ABX;B;ABC;AX;D;A;AD;DX;DX;B;B;BX;C;BX;CX;DX;BX;C;A;BX;C;DX;D;A;BCD;BCD;D;BC;B;B;D;BX;DX;BX;C;BDX;A;A;D;B;AB;D;ACDX;BCDX;A;ABCDX;D;ACD;DX
LEK;11;Adam;Mikroskop;65;65;AX;AX;D;B;BX;AX;BX;AC;B;BCD;C;CD;BX;BCD;AX;C;D;AB;C;A;AX;AX;ABDX;CX;AX;ABD;ABD;ADX;C;C;AC;A;ACX;C;BC;AX;BX;AD;B;AB;AX;ABX;CX;AX;AX;C;B;CX;ABC;B;AB;B;C;BCD;AX;CX;B;ABDX;AD;AD;ABCX;D;BX;C;BX;CX;DX;A;BC;DX;BX;AC;DX;D;BD;ACD;B;BX;B;AD;B;AX;BX;DX;BC;C;A;A;BX;AB;DX;BD;ABDX;C;BCDX;D;ABCDX;D;ACD;C
LEK;11;Adéla;Periskopová;66;66;AX;AX;BX;B;BX;AX;AB;AB;DX;ADX;AB;D;A;BCD;AX;AX;AX;AC;A;ACDX;AX;AX;AD;CX;AX;ABCX;ABC;ADX;CDX;A;BCX;D;ACX;AX;BX;AX;BCD;ABCDX;D;BX;AX;ABD;CX;AX;AX;BC;AC;CX;ABCDX;BDX;D;ABX;DX;BC;AX;B;ABX;BD;BD;DX;ABCX;AX;A;DX;BX;CX;DX;BX;ACD;DX;C;D;DX;BX;A;ABCD;A;A;AC;D;BD;D;BX;DX;BX;C;D;ACX;BX;ADX;B;ABD;AD;CD;BCDX;B;ABCDX;AX;ABD;DX
LEK;11;Adam;Mikroskop;67;67;C;AX;D;B;D;C;BX;C;B;C;A;A;D;D;C;B;D;AX;A;D;C;AX;B;CX;AX;D;A;D;C;A;C;A;CD;C;BX;D;D;BC;C;BX;AX;B;D;AX;AX;A;B;CX;B;D;B;B;C;B;C;CX;B;D;A;BD;A;C;C;DX;D;B;DX;BX;C;C;D;B;C;C;C;C;B;BX;B;D;D;C;D;DX;D;AX;A;A;D;D;C;B;A;D;A;B;B;D;A;C
LEK;11;Adéla;Periskopová;68;68;AX;AX;C;AX;BX;AX;BX;ABCX;DX;ADX;ABDX;CX;BX;ABCDX;AX;AX;AD;AC;BC;ACDX;AX;AX;ABDX;CX;AX;ABCX;ACX;ADX;CDX;ABX;BCX;ACX;ACX;AX;BX;AX;BX;ABCDX;BDX;BX;AX;ABX;CX;AX;AX;CDX;ABX;CX;ABCDX;BDX;D;ABX;A;ABCDX;AX;CX;ABX;ABDX;DX;DX;BC;AX;BX;DX;AB;CX;DX;BX;C;DX;AC;C;C;BX;A;C;BC;D;BDX;AD;ABC;D;BX;DX;BX;AX;D;A;BX;ADX;DX;ABC;ABDX;CD;BD;B;ABCDX;D;C;DX
LEK;11;Adam;Mikroskop;69;69;AX;AX;C;AX;BX;AX;BX;ABCX;DX;BD;ABDX;CX;ABC;ABCDX;AX;AX;AX;BC;ABX;ACDX;AX;AX;ABDX;CX;AX;ABCD;ACX;ADX;CDX;ABD;BCX;ACX;ACX;AX;BX;AX;BX;ABCDX;BDX;BX;AX;ABX;CX;AX;AX;ACD;ABX;CX;ABCDX;BDX;BDX;ABX;DX;BCD;B;CX;ABX;ABDX;DX;DX;ABCX;AX;BX;DX;BX;CX;C;C;ABC;DX;BX;B;B;BX;ACD;BC;BC;A;AC;AD;BCD;AX;BX;DX;BX;AX;BDX;A;BX;ADX;DX;ABD;ABDX;CD;BCDX;AB;ABCDX;AX;ABCX;DX
LEK;11;Adéla;Periskopová;70;70;AX;AX;BX;AB;BX;AX;BX;ABCX;DX;B;AD;CX;C;CD;AX;AX;AX;C;ABX;AC;AX;AX;AD;CX;AX;AB;ACX;ADX;CDX;ABX;BCX;ACX;ACX;AX;BX;AX;BC;ABCDX;BDX;BX;AX;ABD;CX;AX;AX;CDX;ABD;BC;ABCDX;BDX;BDX;B;DX;BD;AX;CX;ABX;AB;DX;DX;ABCX;AX;BX;C;BX;CX;DX;C;ACX;DX;C;C;B;BX;A;A;ACX;D;C;AD;D;D;BX;DX;BX;AX;BDX;A;BX;ADX;DX;ABCDX;BD;CD;BCDX;BD;C;AX;AD;DX
LEK;11;Adam;Mikroskop;71;71;AX;AX;D;B;BX;AX;BX;BC;AB;BD;ABDX;CX;A;B;AX;;AX;C;A;AD;B;AX;BD;CX;CD;A;A;AC;D;AD;BCX;A;CD;D;A;AX;BX;ABCDX;BDX;C;AX;ABD;CX;AX;AX;D;BC;CX;ABCDX;BDX;AB;A;DX;CD;AX;CX;ABX;ABDX;DX;ABD;AB;AX;BX;DX;BX;CX;DX;D;B;DX;BX;C;A;A;BC;C;CD;A;BDX;D;BC;D;BX;DX;C;AX;C;A;BX;CD;B;AB;AD;CD;D;B;ABCDX;AX;AD;DX
LEK;11;Adéla;Periskopová;72;72;AX;AX;D;AB;BD;C;BC;ABCX;DX;A;C;CX;A;BCD;B;D;AX;AC;C;ACDX;AD;AX;AD;CX;CD;A;ABC;ABD;CDX;BD;BD;A;ABCD;AX;C;AX;C;ABD;BCD;BX;AX;ABX;CX;AX;ABCD;CDX;ABX;CX;ABCDX;BDX;BDX;B;DX;BD;C;CX;ABX;ABDX;BD;AD;CD;AX;BX;A;BD;A;DX;BD;B;DX;BX;C;C;BX;ACD;BCD;BCD;D;B;AD;BD;AX;A;B;C;BC;BC;A;BD;ADX;CD;ABD;AD;CD;BCDX;B;ABD;AX;AB;C
LEK;11;Adam;Mikroskop;73;73;AX;C;BX;AX;BX;AX;AB;ABCX;DX;ACD;ABCD;A;A;ABCDX;AX;AX;AX;ABCD;ABX;ABCD;AX;AX;ABDX;A;CD;AB;ABC;ABD;CDX;AD;BCX;ACX;ACD;AX;A;C;BD;ABCDX;D;BX;AX;ABCD;CX;C;AX;ACD;C;CX;ABCDX;B;D;A;DX;B;AX;CX;A;ABC;AD;DX;ABCX;AX;BX;DX;BX;CX;DX;A;AD;DX;C;C;C;C;ABCD;CD;AD;AB;BC;BD;BCD;B;BX;DX;BX;AX;D;A;BX;A;DX;ABCDX;ABDX;ACDX;BCDX;BC;ABCDX;AX;ABCD;DX
LEK;11;Adéla;Periskopová;74;74;AX;AX;BX;AX;AD;AX;AC;CD;A;CD;C;D;BX;B;AX;D;AX;ABCD;ABC;AC;AC;AX;AD;D;AX;AD;ABC;ADX;C;AD;BCX;A;AD;C;AC;AX;C;ABCDX;BDX;AC;AX;BD;D;AX;AX;AC;AD;CD;ABCDX;BDX;D;A;DX;BCD;AX;A;ABX;AD;BD;AD;BC;B;BX;DX;C;CX;DX;A;C;A;BX;D;DX;BX;C;C;BD;BX;BDX;BD;D;C;BX;B;D;C;D;C;C;CD;B;B;A;B;CD;B;C;D;CD;C
LEK;11;Adam;Mikroskop;75;75;AX;AX;BX;AX;C;AX;ABCD;ABCD;B;CD;ABDX;AC;BX;CD;AX;D;;C;A;A;C;AX;BCD;A;C;AC;ACX;AB;C;AD;BCX;D;CD;AX;BC;AX;BX;ABCDX;BDX;BX;AX;A;CX;AX;AX;BCD;CD;CX;ABCDX;BDX;B;A;C;BD;C;B;ABX;D;B;DX;AB;C;C;DX;BX;CX;DX;BX;C;DX;A;C;DX;BX;A;BCD;A;D;C;A;BD;D;BX;DX;A;AX;D;A;D;B;C;A;BD;B;BCDX;B;ABD;AX;ABCX;C
LEK;11;Adéla;Periskopová;76;76;AX;AX;C;AX;BX;AX;BX;ABCX;C;ADX;BD;CX;AB;ACD;AX;AX;AD;AX;ABX;ACDX;AX;AX;AD;CX;AX;ABCX;ABC;ADX;CDX;ABX;BCX;A;ACX;AX;A;AX;BX;ABCDX;BDX;BX;AX;ABX;CX;AC;AX;CDX;ABX;CX;ABCDX;BDX;BDX;B;DX;BD;B;CX;ABX;ABDX;BD;DX;AB;AX;BX;DX;BX;CX;DX;BX;ACX;DX;BX;AX;DX;BX;ACD;ACD;BC;BX;BDX;AD;BC;B;BX;DX;BX;AX;BDX;A;BX;ADX;B;AB;ABDX;ACDX;BCDX;BC;ABCDX;AX;ABCX;DX
LEK;11;Adam;Mikroskop;77;77;AX;AX;BX;AB;BD;AX;BC;ABCX;DX;ADX;AD;B;AB;B;AX;AX;AX;AX;A;AC;AC;AX;ABDX;CX;C;AB;ABC;ADX;D;BD;BCX;A;ACX;C;A;C;ABD;AB;B;BX;AX;B;CX;AX;AX;C;BD;D;ABCDX;B;BDX;B;DX;D;C;B;AC;ABDX;BD;DX;ABCX;AX;BD;B;BD;CX;DX;BX;CD;C;D;D;B;BX;ABCD;ACD;BC;D;A;AD;BCD;D;C;DX;D;D;D;A;BX;ADX;BC;ABCDX;ABDX;CD;BCDX;ABCX;AB;CD;AB;DX
LEK;11;Adéla;Periskopová;78;78;AX;AB;D;AX;BX;D;BC;ABD;B;AC;A;D;A;AD;AX;AX;AC;C;D;A;BC;AX;D;AB;C;B;AB;AB;C;D;AC;D;ACD;C;BC;AX;C;BD;BDX;A;AB;ABX;D;D;AX;CDX;A;CD;ABC;B;BDX;A;B;BC;C;A;ABX;ABDX;ABD;AB;C;AX;BX;B;A;CX;DX;CD;D;DX;AC;C;A;A;CD;CD;BC;A;BDX;CD;BC;D;D;A;BX;C;AC;D;A;AC;AD;CD;AB;BC;CD;B;C;AX;AD;AC
LEK;11;Adam;Mikroskop;79;79;AX;AX;BX;CD;BX;AX;BX;ABCX;DX;ADX;ABDX;CX;BX;ABC;AX;AX;AX;ABCD;ABX;ACDX;AX;AX;ABDX;CX;AX;ABCX;ACX;ADX;CDX;B;BCX;A;ACD;AX;BC;AX;AB;ABCDX;D;BX;AX;B;CX;C;AX;CDX;ABX;CX;ABCDX;BDX;D;A;DX;BCD;AX;CX;ABX;ABDX;DX;DX;AB;AX;BX;DX;BD;CX;DX;AD;ACX;B;A;C;DX;BX;ACX;ACX;BC;BX;C;ABDX;ABCDX;AX;ACD;DX;D;AX;BDX;A;BX;ADX;AC;ABCDX;ABDX;ACDX;BCDX;B;ABCDX;D;ABCX;DX
LEK;11;Adéla;Periskopová;80;80;AX;AX;BX;AX;C;AB;BX;ABCX;DX;ABCD;AD;A;D;ABCDX;AX;AX;AX;AC;ABX;ACDX;AX;AX;ABDX;CX;C;ABCD;ACX;AB;CDX;ABX;BCX;A;ACX;AX;BX;AX;BD;ABCDX;D;BX;AX;B;CX;C;D;AC;ABD;CX;AC;BDX;B;ABX;B;BCD;C;A;ABX;ABDX;DX;DX;ABCX;AX;A;C;BD;CX;DX;C;C;DX;C;C;B;D;AD;ACX;BD;A;AC;ABDX;BCD;B;AB;DX;BX;AX;BC;A;BX;ADX;ACD;ABC;ABDX;D;BC;ABCX;ABCDX;D;ABCX;DX
LEK;11;Adam;Mikroskop;81;81;AX;AX;BX;AX;BX;AB;AB;ABCX;BD;BD;A;CX;BX;BC;AX;D;AD;C;A;ACDX;AX;AX;ABDX;A;AX;ABCD;AD;AB;D;AD;BCX;A;ACD;AX;BX;AX;BC;ABCDX;BDX;BX;AX;B;CX;AX;AX;CDX;ABD;CX;ABCDX;B;B;A;DX;BC;B;CX;ABC;ABDX;DX;DX;AB;AX;C;DX;BD;B;DX;BX;C;B;BX;C;DX;A;BC;ACX;AD;D;B;AD;ACD;B;BX;B;BX;AX;D;A;A;ADX;DX;ACD;BD;BD;ABC;B;ABCDX;D;ABCD;DX
LEK;11;Adéla;Periskopová;82;82;AX;AX;C;AX;BX;AX;BX;ABCX;DX;ADX;ABDX;CX;AB;ABCDX;AX;AX;AX;BC;ABX;ACDX;AX;AX;ABDX;CX;AX;ABCD;ACX;ADX;CDX;ABX;BCX;ACX;ACX;AX;BX;AX;BX;ABCDX;BDX;BX;AX;ABX;CX;AX;AX;CDX;ABX;D;ABCDX;BDX;D;A;C;BD;B;A;ABX;BD;DX;DX;AB;AX;D;DX;A;CX;DX;BX;BC;C;D;C;C;BX;ABCD;ACD;ACD;AC;BDX;AD;BC;D;BX;DX;A;C;BDX;A;BX;ADX;B;ABD;BD;CD;BD;BC;AD;B;ABCD;DX
LEK;11;Adam;Mikroskop;83;83;AX;AX;BX;B;BX;AX;BX;ABCX;DX;ADX;BD;CX;BX;AB;AX;AX;AX;AX;ABX;ACDX;AX;AX;ABDX;CX;AX;ABCX;ACX;ADX;CDX;ABX;BCX;ACX;C;AX;BX;AX;BX;ABCDX;BDX;BX;AX;ABX;CX;AX;AX;CDX;ABX;BC;ABCDX;BDX;BDX;B;DX;BD;ABC;CX;ABD;AB;ABD;DX;AB;AX;BX;DX;CD;D;DX;C;C;DX;BX;D;DX;BX;ACX;ACX;BCD;D;BDX;ABDX;BC;B;BX;DX;D;D;D;A;;BD;C;ABD;ABDX;CD;BC;BC;D;AX;ABCX;C
LEK;11;Adéla;Periskopová;84;84;AX;AX;D;AX;BX;AC;BX;AB;DX;ACD;AB;D;D;AB;B;D;BC;D;A;AC;D;AX;A;A;B;ACD;ABC;ADX;B;AD;C;B;C;D;C;C;BX;ABCDX;A;BX;AX;BD;D;;AX;AD;;BCD;ABCDX;ABCD;B;C;A;BC;AX;CX;ABX;ABDX;DX;BD;ABCX;AX;D;DX;BX;AC;DX;BX;A;DX;BX;AC;DX;BX;C;ABC;ACX;A;BDX;AD;BC;B;BX;A;A;CD;D;A;BX;ADX;DX;A;ABDX;C;BCDX;BC;ABCDX;AX;C;DX
LEK;11;Adam;Mikroskop;85;85;AB;AB;D;B;BC;C;BC;BCD;A;D;AD;CX;BX;A;AD;AX;AX;ABC;CD;ABC;AB;AX;A;ABC;CD;D;ABC;AB;A;ABC;AC;C;BCD;C;C;C;ABD;ABCDX;AD;BCD;AX;ABX;CX;C;AX;CDX;ABX;BCD;AB;ABD;B;D;DX;BCD;CD;A;ABD;ABDX;AD;AD;ABCX;D;D;DX;C;A;DX;AB;BD;B;D;C;A;A;ACD;ACD;ACD;A;BC;AB;C;B;D;DX;D;D;C;D;BD;BD;BC;ABC;AB;CD;ABCD;AC;A;AX;ACD;A
LEK;11;Adéla;Periskopová;86;86;AX;AX;BX;AB;C;B;A;AB;B;C;CD;CD;A;ACD;AX;B;D;BCD;ABX;AC;AC;AX;ABDX;B;B;AC;ACX;ADX;CDX;BD;C;A;CD;C;A;C;C;ABCDX;ABCD;CD;AX;ABX;CX;C;AX;BD;AC;D;A;B;D;A;B;BC;C;A;ABX;AB;AB;AD;AB;C;A;C;BX;CX;DX;CD;C;A;D;C;DX;A;A;C;BD;AB;BDX;D;BCD;D;D;DX;C;B;AD;D;CD;AB;A;BD;C;CD;CD;A;BD;D;AD;CD
LEK;11;Adam;Mikroskop;87;87;AX;AX;C;D;BX;AX;AB;ABCX;DX;D;BC;CX;D;ACD;AX;AX;AX;BC;ABX;ACDX;AX;AX;ABDX;CX;AX;AB;ABC;ADX;CDX;ABD;BCX;ACX;CD;AX;BX;AX;BC;ABCDX;BDX;BX;AX;ABD;CX;AX;AX;CDX;ABD;CX;ABCDX;ABD;BDX;ABX;DX;AD;AX;CX;ABX;ABDX;DX;BD;AB;AX;BX;DX;BD;D;DX;BX;A;A;BX;C;B;BX;ACD;C;ACX;BX;BDX;AD;B;AX;BX;DX;BX;AX;D;A;BX;ADX;DX;ABD;ABDX;CD;BCDX;B;ABCDX;B;ABD;DX
LEK;11;Adéla;Periskopová;88;88;AX;AX;BX;AX;BX;AB;BX;ABCX;DX;A;ABDX;CX;BX;ABCDX;AX;AX;AX;B;ABX;ACDX;AX;AX;ABDX;CX;AX;ABCX;ABC;ADX;CDX;A;BCX;ACX;ACX;AX;BX;AX;BX;AD;BDX;BX;AX;ABX;CX;AX;AX;CDX;ABX;D;ABCDX;BDX;B;CD;C;D;C;A;A;BD;DX;DX;B;AX;D;B;BX;CX;DX;BX;C;A;BX;B;C;D;ACX;ACD;BC;A;C;A;BC;C;BX;DX;BX;AX;D;C;BX;A;B;B;A;D;D;B;ABC;AX;ABCD;DX
LEK;11;Adam;Mikroskop;89;89;AX;AX;D;D;BD;B;BD;CD;DX;ABCD;BC;CX;D;AC;C;B;D;D;A;A;CD;AX;D;A;D;AD;ABC;ADX;B;CD;BCX;A;ACX;D;A;AX;BC;ACD;D;BX;AX;ABX;CX;AX;AX;BC;BD;CX;AB;BDX;D;C;A;BC;C;CX;ABX;BD;ABCD;BD;A;AX;BX;DX;BD;B;DX;BX;C;A;AB;AC;DX;A;ACX;CD;BD;C;BC;BD;BC;D;AB;DX;C;ABCD;BDX;C;BD;D;B;D;A;C;BCDX;B;B;AX;AD;AB
LEK;11;Adéla;Periskopová;90;90;AX;AX;BX;AX;BX;AX;BX;BC;DX;ADX;BD;CX;BX;B;AX;AX;AX;AC;ABX;ACDX;AX;AX;ABDX;CX;CD;AC;ABC;D;D;AD;BCX;A;ABC;AX;BX;AX;BX;ABCDX;BDX;BX;AX;ABC;CX;AX;AX;CDX;ABX;CX;ABCDX;BDX;BDX;ABX;DX;ABD;AX;CX;ABX;AD;DX;DX;AB;AX;BX;CD;BX;CX;DX;BX;C;B;BX;B;DX;BX;ACX;C;BC;BX;BDX;BD;B;D;AB;DX;C;D;D;A;AB;ACD;DX;AB;AD;CD;CD;B;C;AX;AC;DX
LEK;11;Adam;Mikroskop;91;91;AX;AX;C;AX;BX;D;AB;ABCX;DX;D;CD;CX;D;BCD;AX;AX;AX;BCD;ABX;AC;AX;AX;D;ABC;AX;ABCX;ABC;ADX;C;ABD;BCX;A;ACX;AX;BX;AX;BX;AD;D;BX;AX;BCD;CX;AX;AX;B;D;D;ABCDX;B;BCD;C;DX;BD;C;A;A;ABDX;AD;AD;AB;AX;BX;A;BX;CX;DX;BX;BC;A;A;C;B;A;ACX;C;B;A;BC;A;BD;B;BX;DX;BX;AX;B;A;BC;ADX;ABD;AB;ABDX;CD;BCDX;D;ABCDX;D;ACD;DX
LEK;11;Adéla;Periskopová;92;92;AX;AX;C;AC;BX;B;BX;B;B;A;D;B;D;B;B;B;AD;C;B;A;C;AX;A;CX;CD;A;ACX;AB;D;ABD;BCX;A;AD;AX;A;C;C;ABCDX;D;C;B;BD;CX;AX;AX;AC;A;CD;AC;B;B;B;A;D;C;CX;AD;BD;DX;B;BC;C;D;B;C;AB;DX;D;C;DX;BX;B;B;D;A;BC;C;C;B;AD;D;D;BC;DX;BX;AX;D;A;BD;D;DX;AB;D;CD;CD;B;ABCDX;AX;AD;DX
LEK;11;Adam;Mikroskop;93;93;B;C;D;C;C;AX;D;B;B;B;A;CX;C;B;C;D;AX;AX;C;D;AX;D;C;CX;D;D;A;D;B;D;C;C;D;C;A;C;D;C;A;D;AX;A;A;AX;C;A;B;B;B;B;D;A;B;D;D;B;B;D;A;A;C;D;C;C;BX;B;A;D;C;B;C;AX;A;D;B;C;A;BX;B;A;D;AX;D;C;BX;C;C;C;C;C;A;B;C;C;A;C;B;D;A;B
LEK;11;Adéla;Periskopová;94;94;C;AX;D;AB;D;B;BD;B;;AC;AC;B;BC;B;D;B;AX;ABC;B;AC;BC;AX;AD;CX;CD;C;ABC;C;A;CD;C;D;ACD;D;CD;AX;C;ABCDX;D;C;AX;ABX;CX;C;AX;ACD;BC;BD;ABCDX;AD;B;C;B;BD;C;CX;ABX;ABDX;CD;BD;B;D;A;BCD;BD;D;C;BD;C;DX;BX;AX;DX;C;BC;CD;AD;A;D;ABC;BC;AX;A;DX;D;BC;D;A;ACD;BC;DX;BD;AB;BD;AB;AB;AB;AX;ABCX;BD
LEK;11;Adam;Mikroskop;95;95;AX;AX;BX;AB;BX;AX;BX;ABCX;DX;ADX;ABCD;CX;BX;ABCDX;AX;AX;AX;AX;ABX;ACDX;AX;AX;ABDX;CX;D;ABCX;ACX;ADX;CDX;ABX;BCX;A;ACX;AX;BC;AX;BX;ABD;BDX;BX;AX;ABX;CX;AX;AX;CDX;A;CX;ABC;BDX;BDX;B;DX;BD;C;CX;ABX;ABDX;DX;DX;BC;AX;BX;A;BX;CX;DX;BX;A;DX;BX;C;B;BX;ACX;ABCD;ACD;AB;B;AD;BCD;C;BX;DX;BX;AX;D;A;BX;ADX;DX;ABCDX;ABDX;CD;BCDX;BC;ABCDX;D;ABCD;DX
LEK;11;Adéla;Periskopová;96;96;AC;AX;BX;AX;BX;AB;BX;ABCX;BD;CD;CD;CX;AB;B;AX;B;AX;AC;A;AC;C;AX;C;CX;AX;D;ABC;AB;C;D;BCX;A;ABCD;C;BX;AX;BX;AB;B;BX;AX;ABX;CX;AX;AX;D;B;A;A;B;B;B;DX;CD;B;A;ABD;BD;DX;AD;AB;B;D;DX;AD;CX;DX;AD;ABC;B;BX;B;C;A;ACX;ACX;A;A;B;A;BD;D;BC;DX;BX;AX;D;A;AB;ABD;B;B;ABDX;BCD;BCDX;BD;BCD;AX;AC;A
LEK;11;Adam;Mikroskop;97;97;AX;D;D;B;BX;AX;AB;AB;DX;ADX;ABDX;CX;BX;A;AX;AX;B;AX;A;AC;BD;AX;AD;CX;B;BCD;ABCD;B;A;ABX;BCX;ACX;CD;C;BX;B;BX;ABCDX;ABCD;BX;AB;ABC;CX;AX;D;AC;AD;D;ABCDX;BDX;BDX;A;DX;BD;AX;CX;AC;AB;BD;DX;AB;AX;BX;C;BD;D;DX;BX;ACD;DX;BX;D;C;A;ACX;CD;B;BX;BDX;ABDX;D;D;BX;DX;C;B;BDX;A;BX;ADX;DX;ABD;ABDX;ACDX;BCDX;D;A;AX;AD;C
LEK;11;Adéla;Periskopová;98;98;AX;AX;BX;ABD;CD;AX;BX;AC;DX;BC;B;CX;A;CD;D;B;BD;AX;B;A;AX;AX;ABDX;CX;AX;A;ABC;ADX;C;ABX;AC;B;BD;AX;BX;C;AB;D;BDX;BX;AX;ABC;CX;C;AX;C;A;CX;AB;AB;D;A;DX;D;AX;B;ABX;AB;DX;AD;ABCX;B;BX;C;BD;B;A;ABCD;B;DX;A;C;DX;BX;ACX;ABCD;BCD;D;A;A;BD;AX;BX;B;BX;C;B;A;BX;AB;B;BC;ABDX;CD;CD;BC;ABCDX;D;AB;A
LEK;11;Adam;Mikroskop;99;99;AX;AX;C;AB;CD;AX;BC;ABCX;DX;A;AD;CX;A;BCD;AX;AX;AX;C;A;A;AC;C;C;CX;AX;ABCX;AD;AB;C;BD;BCX;A;ACD;D;BX;AX;BX;ABC;ABCD;BX;AX;B;CX;C;AX;CDX;D;B;AC;B;BDX;ABX;C;BD;C;A;ABX;BD;DX;BD;ABCX;AX;A;C;AD;A;DX;BX;ABC;A;D;C;C;BX;AD;ACD;A;AD;AC;AD;BD;C;BC;DX;BX;AX;BDX;A;AB;ADX;DX;ABCDX;AD;CD;CD;AB;ABCDX;AX;ABCD;DX
LEK;11;Adéla;Periskopová;100;100;AX;AX;C;D;A;C;AB;B;DX;ADX;D;CX;BX;CD;AX;D;AX;AX;B;A;AC;AX;AD;CX;AX;D;AB;D;AD;AD;BCX;D;CD;AX;A;D;AB;D;D;BX;AX;ABX;CD;D;AX;CDX;AD;D;AC;BDX;B;D;DX;BD;AX;B;C;A;AC;AD;AB;C;C;DX;A;D;DX;BX;C;DX;D;C;DX;A;CD;ACX;D;C;A;D;BD;AX;BX;DX;C;B;D;A;AB;B;DX;AC;B;A;BC;B;C;AX;BC;DX
ZUBL;11;Adam;Mikroskop;2374;2374;AX;AX;BX;AX;BX;AX;BC;ABCX;DX;ADX;ABDX;CX;ABC;ACD;AX;AX;AD;AC;ABX;AC;AX;AC;ABDX;ABD;AX;ABD;ACX;ADX;CDX;ABC;BCX;ACX;ACX;AX;C;AX;BX;ABCDX;BDX;BX;AX;ACD;CX;AX;AX;AD;B;CX;ABCDX;A;D;ABX;DX;BD;AX;ABC;ABX;ABDX;DX;DX;ABCX;AX;AD;DX;BX;CX;DX;BX;B;A;C;AX;C;BX;ABD;ACD;BC;A;AC;ABDX;BD;C;BX;DX;BX;AD;D;A;AB;A;B;ACD;ABDX;ACDX;ABC;AB;ACD;AX;ABCD;DX
ZUBL;11;Adéla;Periskopová;2375;2375;AX;AX;BX;B;BX;AX;BX;ABCX;B;ABCD;AB;CX;BC;BD;C;AX;AD;B;AD;ABCD;C;AX;AD;D;D;C;ABD;ADX;C;AD;BD;D;ACX;B;BX;C;ABCD;AB;BDX;AB;AX;BC;B;D;B;D;BC;ABCD;A;A;BDX;B;A;BCD;AX;CX;ABX;D;AD;DX;ABCX;D;BX;C;BD;B;DX;BX;ACX;C;C;B;B;A;ABC;ACX;B;C;D;B;BD;C;AB;DX;D;C;CD;C;BC;ADX;DX;AB;AB;CD;CD;C;C;AX;ABCD;DX
ZUBL;11;Adam;Mikroskop;2376;2376;AX;AX;D;AB;BX;D;BC;ABCX;DX;D;ABDX;CX;D;B;AX;AX;AX;AX;ABX;AC;AC;AX;AB;CX;AX;ABD;ABC;D;D;ABX;BCX;A;ACD;AX;AD;AX;AB;ABCDX;B;BX;AX;ABD;D;AX;B;CDX;AD;CD;A;B;BDX;BC;DX;BC;AX;CX;A;ABDX;BD;DX;AB;C;BX;DX;BD;CX;DX;BX;A;DX;D;BD;DX;A;ACD;ACD;A;AB;AC;D;BCD;D;A;B;A;AX;C;ACX;BX;ABCD;ABD;BCD;ABDX;ACDX;BD;A;ABCDX;AX;ABCD;DX
ZUBL;11;Adéla;Periskopová;2377;2377;AX;AX;BX;D;C;C;BC;AC;B;A;ABC;CX;AB;BC;AX;AX;C;BD;ABX;A;AX;AX;CD;CX;C;BD;BD;AB;D;BD;BCX;B;CD;AX;BX;D;A;ABCDX;BDX;BX;AX;ABX;CX;AX;AX;D;ABX;D;ABCDX;B;B;A;B;CD;D;A;ABX;AD;AD;AD;A;B;BX;C;AD;CX;DX;AB;C;DX;D;C;;BX;ACX;BC;AD;D;BDX;A;BC;D;C;DX;C;D;D;A;C;ADX;B;AB;A;CD;CD;D;ABCDX;D;BC;AD
ZUBL;11;Adam;Mikroskop;2378;2378;AX;AX;D;AX;BX;AX;BC;AB;AB;CD;BD;CX;A;AC;AX;B;BC;B;C;BC;AX;D;AC;CX;AX;ABCX;ACX;ADX;CDX;CD;BCX;B;ACX;D;A;D;BX;ABCDX;BDX;A;AX;B;B;AX;AX;D;B;D;ABCDX;BDX;BDX;A;A;BC;AX;A;ABX;ABDX;DX;BD;AB;AX;BX;DX;BD;D;DX;BX;C;DX;D;C;B;D;CD;CD;BD;A;BDX;B;BD;AX;AD;DX;BX;D;D;A;BX;ADX;DX;AD;AB;CD;BCDX;AB;BCD;AX;AC;DX
ZUBL;11;Adéla;Periskopová;2379;2379;AX;AX;D;AB;BX;AX;BX;ABCX;AB;ADX;BD;CX;AB;C;AX;;D;D;;AC;AX;AX;D;CX;C;C;AD;ADX;CDX;A;BCX;A;CD;D;BC;AX;BX;ABD;D;BX;AX;B;CX;AX;ABD;CDX;;CX;AC;AB;BDX;B;C;BC;ABC;;A;ABDX;AD;DX;AB;D;BX;DX;A;;DX;A;C;DX;BX;B;;A;B;ACX;BC;;;BD;D;;BX;A;D;D;D;A;AB;ADX;DX;AB;ABDX;CD;BCDX;AB;C;D;C;DX
ZUBL;11;Adam;Mikroskop;2380;2380;C;AX;BX;AX;BX;AX;BX;C;A;A;D;CX;D;D;B;B;D;C;A;AC;B;AX;AD;A;AX;AD;ABC;ADX;C;AD;BCX;A;AD;D;A;AX;C;AD;A;BX;AX;B;CX;AX;AX;BD;ABX;CX;ABC;B;BDX;B;C;D;C;CX;ABX;BD;DX;AD;BC;B;BX;DX;BX;D;DX;CD;BC;B;D;C;A;BX;ACD;A;AD;C;BDX;A;D;C;BX;C;A;AX;D;A;AB;B;B;A;B;D;C;B;D;AX;A;DX
ZUBL;11;Adéla;Periskopová;2381;2381;AX;AX;C;AB;BX;AX;BX;ABCX;DX;ACD;ABDX;A;A;ABCDX;AX;AX;AX;AC;A;AC;AX;AX;ABDX;B;AX;ABCX;ACX;ADX;CDX;A;BCX;ACX;ACD;AX;BX;AX;C;ABCDX;BDX;AB;AX;ABX;CX;AX;AX;CDX;ABX;CX;ABCDX;ABCD;B;B;A;BCD;AX;CX;ABX;AD;DX;DX;BC;AX;BX;C;BX;CX;DX;BX;ABC;A;A;AC;B;D;CD;C;BCD;A;C;AD;ABCDX;B;BX;A;BX;AX;BDX;A;BX;ADX;B;ABD;ABDX;AD;BCDX;AC;ABCDX;AX;ABCD;DX
ZUBL;11;Adam;Mikroskop;2382;2382;B;B;BX;C;BX;AX;BX;C;DX;D;A;CX;BX;C;D;B;B;B;C;C;C;D;D;CX;D;BC;AD;B;D;ABX;C;A;D;C;A;AX;BX;AB;D;BC;AX;D;CX;AX;C;D;ABX;CD;B;B;D;A;DX;BD;C;CX;A;AB;AD;DX;B;D;C;C;BX;CX;DX;C;B;C;C;B;C;D;A;A;B;BX;D;B;C;AX;C;DX;A;C;C;D;BX;A;B;D;C;B;A;B;A;AX;A;C
ZUBL;11;Adéla;Periskopová;2383;2383;AX;AX;C;B;BX;AB;BX;ABCX;DX;A;AC;CX;BX;BC;AX;AX;AD;AX;ABX;ACDX;AX;AX;AD;A;C;AB;ABC;ADX;CDX;ABX;AC;D;ACD;AX;C;AX;A;ABCDX;BDX;A;AX;ABD;CX;AX;AX;CDX;BD;D;ABCDX;BDX;BDX;B;DX;AB;AX;B;A;BD;AD;CD;BC;C;BX;DX;BX;CX;DX;BX;ACX;C;A;AB;C;A;BCD;BC;ACD;BX;AC;A;BCD;AX;BC;DX;D;AC;D;A;BX;D;AD;AD;AD;CD;CD;AB;ABC;D;A;DX
ZUBL;11;Adam;Mikroskop;2384;2384;AX;AX;BX;AX;BX;AX;BX;ABCX;DX;ADX;A;CX;A;ABCDX;B;AX;AX;AC;ABX;AD;AX;AX;ABDX;CX;AX;ABCD;ACX;ADX;CDX;ABX;BCX;ACX;A;AX;BX;AX;BC;ABCDX;BDX;BX;AX;ABX;CX;AX;AX;CDX;ABX;CX;C;BDX;BDX;ABX;DX;D;C;CX;ABX;ABDX;DX;DX;AB;AX;BX;DX;A;CX;DX;C;AB;DX;BX;C;DX;BX;ACD;ACD;ACX;D;BDX;ABDX;B;AX;BX;DX;BX;AX;BDX;ACX;BX;ADX;DX;ABD;ABDX;ACDX;BD;ABCX;ABCDX;AX;A;DX
ZUBL;11;Adéla;Periskopová;2385;2385;AX;AX;D;D;D;AX;BX;BD;B;BC;BD;B;BX;B;D;C;D;AX;D;C;B;D;D;D;C;A;ABC;D;C;C;BCX;B;CD;AX;A;C;CD;C;C;A;AX;A;A;D;AX;D;B;D;B;B;A;A;DX;C;C;A;ABX;AD;AD;B;BC;C;C;A;BX;A;DX;BX;C;C;BX;D;DX;A;AD;CD;B;D;B;D;C;C;C;DX;C;C;CD;A;A;BD;C;AD;B;D;C;B;AB;B;A;DX
ZUBL;11;Adam;Mikroskop;2386;2386;AX;AX;BC;AX;BX;AX;BX;ABCX;DX;ADX;D;CX;BX;A;AX;B;AX;C;A;AC;AX;AX;AD;CX;AX;AB;C;D;CDX;ABX;BCX;B;ABCD;AX;BX;AX;BX;ABCDX;BDX;BX;AX;ABX;CX;AX;AX;CDX;ABX;CX;ABCDX;BDX;BDX;B;C;BD;AX;B;A;ABDX;DX;DX;AB;B;BX;B;BX;CX;DX;BD;D;A;AD;C;C;D;CD;BC;A;A;CD;A;B;AX;BX;DX;BX;B;D;A;BX;A;B;A;AB;CD;BC;BC;BCD;D;A;AC
ZUBL;11;Adéla;Periskopová;2387;2387;C;AX;D;C;BX;AX;AB;ABCX;DX;BD;BD;CX;A;C;AX;AX;AX;C;A;AC;AC;AX;ABCD;CX;D;AB;ACX;D;C;AD;BCX;A;AD;D;BX;AX;A;ABCDX;BDX;BX;AX;ABCD;CX;AX;AX;D;BD;CD;AB;BDX;BDX;B;A;C;AX;B;ABX;AD;BD;A;ABCX;BD;BX;DX;BX;D;DX;BX;B;C;A;C;DX;D;ABCD;C;ACX;BX;BDX;D;ABCDX;D;D;DX;C;AX;BCD;A;AB;ADX;DX;ABC;AB;CD;CD;B;ABCDX;D;A;DX
ZUBL;11;Adam;Mikroskop;2388;2388;AX;AX;C;AX;BD;AC;BD;BC;B;BD;C;D;BX;C;C;AX;CD;C;C;D;D;AX;D;CX;CD;A;ACD;A;A;AC;BCX;C;BD;C;C;B;C;C;ABCD;BX;AX;BD;A;BC;AX;AC;BCD;CX;ABCDX;ABD;B;B;C;BD;AX;A;ABD;BD;AD;CD;C;C;C;DX;BX;A;DX;C;B;C;A;B;C;A;A;D;B;BX;A;AD;BD;D;BX;B;BX;AX;D;C;BCD;ABCD;B;BD;BD;CD;BCDX;D;A;D;D;C
ZUBL;11;Adéla;Periskopová;2389;2389;AX;AX;BX;AX;BX;AB;AB;C;B;ABCD;AB;CX;A;B;AX;AX;AX;AX;ABX;AC;AX;AX;ABDX;AC;C;ABCX;ABC;ADX;CDX;D;BCX;ACX;ACX;AX;BX;C;C;ABCDX;BDX;BX;AX;ABX;CX;AX;AX;CDX;AD;CX;ABCDX;ABD;ABD;ABX;DX;BD;D;CX;A;D;AD;DX;ABCD;C;BX;C;BX;CX;DX;CD;C;DX;BX;C;C;D;ABCD;BCD;BC;A;BDX;ABDX;BD;AX;BX;DX;BX;AD;C;A;AB;C;BC;A;AD;A;BCDX;AB;AC;AX;AC;DX
ZUBL;11;Adam;Mikroskop;2390;2390;AX;AX;BX;AD;A;ABD;BX;ABCX;B;BD;ABCD;AC;AB;AB;AX;AX;AX;AX;D;AC;BD;AX;ABDX;CX;C;ABCX;ABC;ABD;C;ABD;AD;A;ACD;AX;D;AX;BX;ABD;BDX;BX;AX;ABX;CX;B;AX;C;BD;BCD;AB;B;A;D;C;BD;ABC;A;BC;AD;BD;AB;ABCX;D;AB;DX;AD;D;DX;BX;ABC;DX;A;ABD;B;AD;ACX;CD;ACD;C;C;ACD;BD;D;ACD;DX;D;AX;CD;C;AB;ABD;ABC;ABCDX;ABDX;C;ABC;CD;BCD;AX;ABCD;DX
ZUBL;11;Adéla;Periskopová;2391;2391;D;AX;BX;AX;BX;AX;BX;ABCX;B;ADX;ABCD;A;BX;ABCDX;AX;AX;AD;AX;ABX;ACDX;AX;AX;ABDX;A;AX;ABCX;ACX;ADX;CDX;ABX;BCX;ACX;ACX;AX;BX;AX;BX;AB;BDX;BX;AX;ABX;CX;C;AX;CDX;ABX;CX;ABCDX;BDX;BDX;ABX;C;BCD;AX;CX;A;ABDX;DX;DX;ABCX;B;BX;DX;AD;B;DX;BX;C;DX;D;BD;DX;BX;AB;ACD;BD;A;BDX;AD;BC;;BC;DX;D;C;BCD;A;BX;ADX;DX;BD;ABDX;CD;BCDX;B;A;AX;ACD;DX
ZUBL;11;Adam;Mikroskop;2392;2392;C;AX;D;B;BX;AX;BX;ABCX;C;CD;D;CX;D;B;AX;AX;BC;AC;BD;AC;B;AX;AD;CX;C;CD;ABC;B;CDX;ABD;B;A;ACD;D;A;AX;BX;ABCDX;D;A;AX;ABD;CX;AX;AX;D;BCD;D;ABC;A;BDX;B;DX;BD;AX;B;ABX;ABDX;CD;DX;BC;C;BX;C;BX;CX;DX;BX;D;A;D;AX;DX;A;ACX;C;BD;A;BDX;D;B;D;C;DX;C;C;AD;A;BX;ADX;B;AB;ABDX;CD;BD;BC;ABD;D;A;C
ZUBL;11;Adéla;Periskopová;2393;2393;AB;AX;BX;B;BX;AB;BC;AB;B;A;C;CX;BX;B;B;B;AX;D;D;CD;B;D;A;CX;AX;ACD;ABC;A;A;AD;A;A;ACD;C;BX;AX;C;ABCDX;BDX;BX;AX;ABD;CX;C;B;BC;BD;CX;ABCDX;B;B;B;A;D;C;CX;A;ABDX;AD;BD;BC;B;BX;BD;BD;CX;DX;BX;D;C;D;AX;DX;A;ACX;AB;BD;AD;BDX;BD;BD;AX;BX;DX;D;AX;D;D;AB;ABCD;B;AC;ABDX;BCD;BCDX;AB;ABCDX;D;AD;AC
ZUBL;11;Adam;Mikroskop;2394;2394;AX;AX;C;AX;A;AX;BX;ABCX;DX;D;ABDX;CX;BX;AB;AX;AX;AX;BC;ABX;AC;AX;AX;AD;A;AX;ABCX;ACX;ADX;CDX;ABX;BCX;ACX;ACX;AX;BX;AX;BC;ABCDX;BDX;BX;AX;B;CX;AX;AX;CDX;ABX;CX;ABCDX;BDX;AD;B;A;CD;ABC;A;ABX;ABDX;DX;DX;ABCD;B;D;ABCD;BX;CX;DX;BX;A;DX;BD;B;BC;A;ACX;ABCD;A;C;A;D;D;D;BX;DX;C;ABCD;D;A;BD;D;C;AB;AD;C;BCDX;B;D;AX;ABCX;DX
ZUBL;11;Adéla;Periskopová;2395;2395;AX;AX;BX;B;BX;B;BC;ABCX;DX;ADX;ABDX;CX;BX;ABCDX;AX;AX;AX;B;ABX;ACDX;AX;AX;ABDX;CX;AX;BCD;ACX;ADX;CDX;B;BCX;ACX;ACX;AX;BX;AX;BX;ABCDX;BDX;BX;AX;ABX;CX;AX;AX;CDX;ABD;CX;ABCDX;BDX;BDX;ABX;C;D;AX;CX;A;AD;DX;DX;BC;C;D;DX;BX;CX;DX;A;BC;C;BX;BC;B;D;ACD;ACX;BCD;A;B;ABDX;BC;D;BX;DX;D;AX;D;C;BX;ACD;DX;A;ABDX;D;BCDX;ABCX;ACD;AX;ABCX;DX
ZUBL;11;Adam;Mikroskop;2396;2396;AX;AX;C;AX;BX;AX;BX;ABCX;DX;BD;ABDX;CX;ABC;ABCDX;AX;AX;AX;BC;ABX;ACDX;AX;AX;ABDX;CX;AX;ABCD;ACX;ADX;CDX;ABD;BCX;ACX;ACX;AX;BX;AX;BX;ABCDX;BDX;BX;AX;ABX;CX;AX;AX;ACD;ABX;CX;ABCDX;BDX;BDX;ABX;DX;BCD;B;CX;ABX;ABDX;DX;DX;ABCX;AX;BX;DX;BX;CX;C;C;ABC;DX;BX;B;B;BX;ACD;BC;BC;A;AC;AD;BCD;AX;BX;DX;BX;AX;BDX;A;BX;ADX;DX;ABD;ABDX;CD;BCDX;AB;ABCDX;AX;ABCX;DX
ZUBL;11;Adéla;Periskopová;2397;2397;AX;AX;BX;AB;BX;AX;BX;ABCX;DX;B;AD;CX;C;CD;AX;AX;AX;C;ABX;AC;AX;AX;AD;CX;AX;AB;ACX;ADX;CDX;ABX;BCX;ACX;ACX;AX;BX;AX;BC;ABCDX;BDX;BX;AX;ABD;CX;AX;AX;CDX;ABD;BC;ABCDX;BDX;BDX;B;DX;BD;AX;CX;ABX;AB;DX;DX;ABCX;AX;BX;C;BX;CX;DX;C;ACX;DX;C;C;B;BX;A;A;ACX;D;C;AD;D;D;BX;DX;BX;AX;BDX;A;BX;ADX;DX;ABCDX;BD;CD;BCDX;BD;C;AX;AD;DX
ZUBL;11;Adam;Mikroskop;2398;2398;AX;AX;BX;AX;AD;AX;AC;CD;A;CD;C;D;BX;B;AX;D;AX;ABCD;ABC;AC;AC;AX;AD;D;AX;AD;ABC;ADX;C;AD;BCX;A;AD;C;AC;AX;C;ABCDX;BDX;AC;AX;BD;D;AX;AX;AC;AD;CD;ABCDX;BDX;D;A;DX;BCD;AX;A;ABX;AD;BD;AD;BC;B;BX;DX;C;CX;DX;A;C;A;BX;D;DX;BX;C;C;BD;BX;BDX;BD;D;C;BX;B;D;C;D;C;C;CD;B;B;A;B;CD;B;C;D;CD;C
ZUBL;11;Adéla;Periskopová;2399;2399;AX;AX;BX;AX;C;AX;ABCD;ABCD;B;CD;ABDX;AC;BX;CD;AX;D;;C;A;A;C;AX;BCD;A;C;AC;ACX;AB;C;AD;BCX;D;CD;AX;BC;AX;BX;ABCDX;BDX;BX;AX;A;CX;AX;AX;BCD;CD;CX;ABCDX;BDX;B;A;C;BD;C;B;ABX;D;B;DX;AB;C;C;DX;BX;CX;DX;BX;C;DX;A;C;DX;BX;A;BCD;A;D;C;A;BD;D;BX;DX;A;AX;D;A;D;B;C;A;BD;B;BCDX;B;ABD;AX;ABCX;C
ZUBL;11;Adam;Mikroskop;2400;2400;AX;AX;C;AX;BX;AX;BX;ABCX;C;ADX;BD;CX;AB;ACD;AX;AX;AD;AX;ABX;ACDX;AX;AX;AD;CX;AX;ABCX;ABC;ADX;CDX;ABX;BCX;A;ACX;AX;A;AX;BX;ABCDX;BDX;BX;AX;ABX;CX;AC;AX;CDX;ABX;CX;ABCDX;BDX;BDX;B;DX;BD;B;CX;ABX;ABDX;BD;DX;AB;AX;BX;DX;BX;CX;DX;BX;ACX;DX;BX;AX;DX;BX;ACD;ACD;BC;BX;BDX;AD;BC;B;BX;DX;BX;AX;BDX;A;BX;ADX;B;AB;ABDX;ACDX;BCDX;BC;ABCDX;AX;ABCX;DX
ZUBL;11;Adéla;Periskopová;2401;2401;AX;AB;D;AX;BX;D;BC;ABD;B;AC;A;D;A;AD;AX;AX;AC;C;D;A;BC;AX;D;AB;C;B;AB;AB;C;D;AC;D;ACD;C;BC;AX;C;BD;BDX;A;AB;ABX;D;D;AX;CDX;A;CD;ABC;B;BDX;A;B;BC;C;A;ABX;ABDX;ABD;AB;C;AX;BX;B;A;CX;DX;CD;D;DX;AC;C;A;A;CD;CD;BC;A;BDX;CD;BC;D;D;A;BX;C;AC;D;A;AC;AD;CD;AB;BC;CD;B;C;AX;AD;AC
ZUBL;11;Adam;Mikroskop;2402;2402;AX;AX;C;C;BX;AB;BX;BC;DX;ADX;BD;CX;BX;ABCDX;AX;AX;AX;AX;ABX;C;AX;AX;AD;CX;AX;AC;ACX;D;C;ABX;BD;C;A;AX;BX;AX;CD;ABCDX;BDX;C;AX;ABX;D;AX;AX;CDX;ABX;CD;ABCDX;BDX;A;A;DX;BC;AX;CX;A;ABDX;DX;DX;BC;C;BX;DX;BX;CX;DX;BX;C;C;BX;AC;DX;C;A;C;B;BX;D;ABDX;BCD;D;BX;DX;A;C;D;A;BX;D;DX;AB;AD;C;BCDX;A;C;AX;ABCX;DX
ZUBL;11;Adéla;Periskopová;2403;2403;AX;AX;C;AX;BX;AX;BX;ABCX;DX;D;C;D;D;BD;AX;C;AX;C;C;AC;AX;AX;AD;CX;AX;B;ACX;D;C;C;BCX;A;C;D;BX;D;C;ABCDX;BDX;BX;AD;B;CX;AX;AX;ACD;A;CX;ABC;B;BDX;ABX;DX;C;AX;CX;A;ABDX;DX;DX;B;AX;BX;DX;BX;A;DX;C;C;A;A;;B;A;D;D;A;ABC;;A;B;C;BC;;;AX;BDX;A;BX;A;DX;ABD;ABDX;CD;CD;;ABD;AX;AC;DX
ZUBL;11;Adam;Mikroskop;2404;2404;AX;AX;BX;AX;BX;AX;BX;BC;DX;ADX;BD;CX;BX;B;AX;AX;AX;AC;ABX;ACDX;AX;AX;ABDX;CX;CD;AC;ABC;D;D;AD;BCX;A;ABC;AX;BX;AX;BX;ABCDX;BDX;BX;AX;ABC;CX;AX;AX;CDX;ABX;CX;ABCDX;BDX;BDX;ABX;DX;ABD;AX;CX;ABX;AD;DX;DX;AB;AX;BX;CD;BX;CX;DX;BX;C;B;BX;B;DX;BX;ACX;C;BC;BX;BDX;BD;B;D;AB;DX;C;D;D;A;AB;ACD;DX;AB;AD;CD;CD;B;C;AX;AC;DX
ZUBL;11;Adéla;Periskopová;2405;2405;AX;AX;C;AC;BX;B;BX;B;B;A;D;B;D;B;B;B;AD;C;B;A;C;AX;A;CX;CD;A;ACX;AB;D;ABD;BCX;A;AD;AX;A;C;C;ABCDX;D;C;B;BD;CX;AX;AX;AC;A;CD;AC;B;B;B;A;D;C;CX;AD;BD;DX;B;BC;C;D;B;C;AB;DX;D;C;DX;BX;B;B;D;A;BC;C;C;B;AD;D;D;BC;DX;BX;AX;D;A;BD;D;DX;AB;D;CD;CD;B;ABCDX;AX;AD;DX
ZUBL;11;Adam;Mikroskop;2406;2406;C;D;BX;BC;CD;AX;ABD;BC;B;BCD;AB;BCD;AB;AD;C;C;AC;AX;B;A;C;C;A;A;BD;AD;ABD;AB;C;ACD;BCX;A;AD;B;D;C;C;D;BDX;BCD;AX;BD;A;B;AX;C;A;CX;A;B;C;D;C;BD;CD;CX;B;AC;ABD;AB;BC;C;D;ABC;BX;A;B;C;BCD;AD;D;BC;DX;A;ACX;ABC;A;A;D;A;BCD;D;AD;DX;D;C;AD;ACX;C;B;B;BCD;BD;CD;ACD;AB;AD;CD;CD;A
ZUBL;11;Adéla;Periskopová;2407;2407;AX;D;D;B;BX;AX;AB;AB;DX;ADX;ABDX;CX;BX;A;AX;AX;B;AX;A;AC;BD;AX;AD;CX;B;BCD;ABCD;B;A;ABX;BCX;ACX;CD;C;BX;B;BX;ABCDX;ABCD;BX;AB;ABC;CX;AX;D;AC;AD;D;ABCDX;BDX;BDX;A;DX;BD;AX;CX;AC;AB;BD;DX;AB;AX;BX;C;BD;D;DX;BX;ACD;DX;BX;D;C;A;ACX;CD;B;BX;BDX;ABDX;D;D;BX;DX;C;B;BDX;A;BX;ADX;DX;ABD;ABDX;ACDX;BCDX;D;A;AX;AD;C
ZUBL;11;Adam;Mikroskop;2408;2408;B;B;BX;AX;A;AX;AD;ABCX;BD;ADX;A;A;A;ABC;AX;D;B;AX;C;C;AX;AX;C;B;B;C;AD;AB;C;BC;C;B;ACX;C;A;D;AB;AB;B;AB;C;D;A;B;D;C;AD;BD;ABCDX;ABCD;C;D;A;CD;ACD;CX;B;BD;AC;AD;AB;B;D;AC;AB;CX;ABD;D;D;C;D;D;B;BX;ACX;B;B;C;B;A;D;AX;C;DX;BX;AD;ACD;C;CD;BC;A;BC;D;BD;BC;A;B;D;C;AD
ZUBL;11;Adéla;Periskopová;2409;2409;AC;AX;C;BD;C;C;ABC;AB;DX;ACD;ABDX;CX;BX;B;AX;B;C;AX;B;AC;AB;AX;AD;CX;BD;ABCX;ABC;AB;CDX;ABD;BCX;A;ACD;AX;BX;AX;BX;ABCDX;BDX;C;AX;ABCD;CX;B;AX;CDX;D;CX;C;ABD;BDX;B;DX;BCD;C;B;ABD;ABDX;DX;DX;ABCX;C;C;B;BX;CX;DX;BX;C;DX;BX;C;C;D;ACX;CD;B;BD;D;D;BCD;D;BX;DX;BX;C;C;C;AB;BD;DX;ABD;ABDX;CD;BCDX;BC;ABCDX;B;ABCD;A
ZUBL;11;Adam;Mikroskop;2410;2410;AX;AX;BX;AX;BX;AX;BX;ABCX;AB;ADX;BD;CX;A;AB;AX;AX;AX;AC;B;ACDX;AX;AX;ABDX;CX;AX;ABCX;ACX;ADX;CDX;AD;BCX;A;ACD;AX;BC;B;BX;ABCDX;D;BX;AX;ABX;CX;C;AX;CDX;B;CX;D;B;BDX;B;DX;BD;AX;D;A;AD;DX;DX;B;C;BX;DX;A;D;DX;BX;CD;DX;C;C;DX;BX;ACX;C;BCD;BX;D;ABDX;B;C;AB;DX;BX;AX;CD;A;BX;ADX;DX;AB;ABDX;CD;BCDX;AC;ABD;AX;AC;DX
ZUBL;11;Adéla;Periskopová;2411;2411;AX;AX;C;B;BX;B;BX;ABCX;DX;ADX;ABDX;CX;A;BCD;AX;AX;BC;AX;ABX;AC;AX;AC;AD;CX;AX;ABCD;ABC;ADX;CDX;ABD;BD;D;ACX;AX;BX;AX;BC;ABCDX;BDX;BX;AX;ABX;CX;AX;AX;CDX;ABD;CX;ABCDX;BDX;BDX;B;C;ABCDX;AX;CX;ABX;ABDX;DX;DX;ABCX;B;BX;DX;BX;CX;DX;C;BC;DX;BX;B;DX;BX;ABD;ABCD;AD;A;BDX;AD;ABD;B;BX;B;D;C;BDX;A;BX;ADX;B;ABD;ABDX;C;CD;BC;BD;AX;A;C
ZUBL;11;Adam;Mikroskop;2412;2412;AX;AX;BX;AX;BX;AX;BC;ABCX;DX;ADX;ABDX;CX;D;ABCDX;AX;AX;AX;AC;ABX;ACDX;AX;AX;ABDX;CX;AX;ABCX;ACX;ADX;CDX;ABX;BCX;ACX;A;C;BX;AX;ABD;ABCDX;BDX;BX;AX;ABX;CX;AX;AX;CDX;ABX;CX;ABCDX;BDX;B;A;DX;BC;D;CX;ABX;ABDX;DX;DX;ABCX;AX;BX;DX;BD;D;DX;BX;A;A;BX;C;C;BX;ABCD;BC;ACX;A;BDX;D;B;D;BX;B;D;AC;D;A;BX;A;DX;ABD;ABDX;ACDX;CD;B;B;AX;ABCX;DX
ZUBL;11;Adéla;Periskopová;2413;2413;AX;AX;BX;B;BX;AB;BX;ABCX;DX;ACD;BD;CX;A;A;AX;AX;BD;C;A;ACDX;AC;AD;ABDX;B;AX;ABCD;AD;ADX;CDX;ABX;BCX;ACX;ACX;AX;BX;AX;BC;ABCDX;BDX;BX;AX;B;D;AX;AX;CDX;BC;D;ABCDX;B;BCD;ABX;DX;C;AX;CX;A;ABDX;DX;DX;C;AX;BX;C;BX;CX;DX;BX;C;B;BX;B;DX;BX;ACX;C;ACX;BX;B;A;BC;D;BX;B;BX;AX;B;A;AB;A;DX;BCD;AB;D;BCDX;A;ABCDX;AX;AB;DX
ZUBL;11;Adam;Mikroskop;2414;2414;AX;AX;BX;D;C;BC;BX;BC;DX;ADX;BD;CX;BX;ABCDX;AX;AX;AX;AX;ABX;ACDX;AX;AX;AD;A;AX;ABCD;ACX;ADX;D;ABX;BCX;A;BC;AX;BX;B;AD;ABCDX;BDX;BX;AX;ABX;CX;AX;ABC;CDX;ABX;BCD;ABCDX;B;B;BD;DX;BCD;AX;CX;A;A;DX;DX;AB;AX;BX;DX;A;CX;DX;BX;C;DX;BX;C;DX;A;D;ACX;BC;A;A;CD;BC;AX;BX;C;D;AD;D;A;BX;A;B;AD;AD;AD;D;AB;D;AX;ABCD;DX
ZUBL;11;Adéla;Periskopová;2415;2415;C;AD;D;AX;BD;AX;BX;ABCX;C;D;C;CD;A;AC;AX;AX;BD;BC;AC;AC;AX;AX;AD;CX;AX;BC;ABC;A;C;BD;BCX;A;C;AX;BX;AX;BX;ABCDX;D;BX;AX;ABX;CX;AX;C;D;C;CX;BCD;B;B;C;DX;BC;C;CX;ABX;ABDX;DX;BD;BC;AX;BX;DX;BD;CX;DX;BX;BD;DX;BX;C;B;BX;ABC;BC;A;A;BDX;AB;BC;D;BX;DX;BX;AX;B;A;BX;A;DX;ABD;AB;ACDX;ACD;AC;AC;D;AC;C
ZUBL;11;Adam;Mikroskop;2416;2416;C;AX;D;CD;BX;AB;AC;AC;A;BCD;C;CX;D;BD;B;AX;AD;AX;C;BC;AX;AX;AB;CX;C;A;ABC;C;AD;BD;BCX;AB;AD;B;BX;B;C;CD;D;C;AX;ABCD;D;BD;AX;C;B;D;A;BDX;B;D;DX;AD;ABC;CX;ABX;AD;DX;DX;AB;D;BX;AD;BD;D;DX;BX;ABC;DX;C;D;C;A;CD;ACX;ACX;BX;AB;AB;BCD;B;D;DX;BX;AX;ABD;A;BX;ACD;AB;B;AB;CD;A;D;AB;CD;AC;C
ZUBL;11;Adéla;Periskopová;2417;2417;AX;AX;C;BD;BX;AX;BC;ABCX;DX;ADX;CD;ACD;A;BC;AX;AB;AX;D;D;ACDX;AX;AX;ABDX;CX;C;ABCD;ABD;ABD;C;ABX;BCX;B;AD;C;BX;AX;BX;ABCDX;BDX;BX;AX;ABX;D;C;AX;CDX;ABD;CD;ABCDX;BDX;AB;CD;DX;ABCDX;B;CX;ABX;ABDX;DX;DX;ABCX;C;D;C;BX;CX;DX;BX;ABCD;DX;BX;ABC;DX;BX;ACD;ABC;BCD;ABD;BCD;ABDX;BC;D;BX;DX;BX;AD;ABC;ACX;BX;ADX;AD;ABCDX;ABDX;ACDX;BCDX;ABCX;ABCDX;D;ABCD;DX
ZUBL;11;Adam;Mikroskop;2418;2418;AX;AX;D;AD;BX;C;ACD;BCD;B;CD;B;CX;A;A;D;C;D;B;D;C;C;AX;D;D;D;D;ABC;AB;A;ABC;AD;A;CD;AX;A;AX;C;CD;D;A;AX;ABCD;CX;AX;AX;C;BC;AD;AC;B;A;D;B;ABD;D;A;ABX;ABDX;ACD;AB;ABCX;C;A;ACD;BX;D;DX;BX;CD;B;D;B;BC;A;ABCD;ABCD;BC;A;BC;AD;C;D;A;DX;D;D;A;CD;CD;BCD;C;BCD;AD;BCD;CD;B;AC;CD;AD;AC
ZUBL;11;Adéla;Periskopová;2419;2419;AC;AX;C;AX;BX;AX;BX;ABCD;DX;ADX;ABDX;CD;A;A;AX;D;AX;AB;A;ACDX;AX;AX;ABDX;CX;C;AD;ABD;ADX;CDX;ABX;BCX;ACX;AD;D;BX;AX;C;ABCDX;BDX;BX;AX;BCD;CX;C;B;D;ABC;CD;AC;B;BDX;A;DX;BCD;AX;CX;ABX;ABDX;BD;DX;ABD;AX;BX;DX;BX;CX;DX;BC;BC;DX;AC;C;C;BX;AB;CD;ACX;A;BDX;AD;B;AX;BX;DX;BX;AX;C;A;BX;ADX;AD;ABCDX;ABDX;CD;BCDX;B;C;AX;A;C
ZUBL;11;Adam;Mikroskop;2420;2420;AX;AX;C;AX;A;AB;BX;A;B;ADX;BD;ACD;ABC;AB;AX;AX;AX;D;C;ACDX;BD;AC;D;B;C;C;ACX;A;D;C;C;A;ACX;C;BX;D;BX;AB;BDX;BX;AX;B;CX;AX;AX;CDX;ABX;B;ABCDX;B;B;A;DX;D;C;A;A;A;AD;DX;C;AX;BX;DX;BD;BC;DX;D;C;DX;A;C;C;A;C;ACX;BC;BX;B;A;C;D;BX;A;D;AX;BDX;A;BX;B;A;AC;AD;D;BC;AB;BD;AX;A;A
ZUBL;11;Adéla;Periskopová;2421;2421;B;ABC;D;BC;BD;C;ACD;AB;B;BC;AC;CX;BX;BC;C;C;AD;AC;A;CD;B;AX;C;CX;D;BC;ACX;D;BD;ACD;AC;D;ACD;AX;BX;C;ACD;AC;D;C;AX;ABX;D;C;AX;B;ACD;BC;AB;ABD;C;D;DX;BD;AC;A;ACD;ABC;AD;CD;AB;C;AC;AD;A;D;C;BX;D;BCD;C;AX;C;A;ACD;CD;ACX;ACD;BDX;AB;BD;B;A;DX;C;D;D;C;BD;BCD;BC;ABC;ACD;BC;BCDX;ABD;AD;AX;BC;AB
ZUBL;11;Adam;Mikroskop;2422;2422;AC;AX;D;B;AD;AX;BX;B;B;C;CD;CX;A;BCD;AX;AX;AC;CD;D;AC;D;AX;AC;AC;D;BD;ABC;ADX;C;AD;BCX;A;ABCD;C;BX;AX;AC;C;D;BX;AX;B;CX;C;AX;BD;ABX;CX;A;BDX;BDX;B;C;B;AX;AB;ABX;AD;BD;DX;BC;C;BX;DX;BX;B;DX;BX;C;A;D;B;B;BX;BD;C;BD;A;B;AD;CD;D;AB;DX;BX;AX;BDX;A;BX;BC;C;B;BD;CD;ACD;B;ABCDX;D;A;A
ZUBL;11;Adéla;Periskopová;2423;2423;AX;AX;BX;AX;BX;AX;BX;BC;DX;A;ABDX;CX;BX;ABCDX;AX;D;AX;AX;ABX;ACDX;AX;AX;AD;CX;AX;ABCX;ACX;ADX;CDX;ABX;BCX;ACX;A;AX;BX;AX;BX;ABCDX;BDX;BX;AX;ABX;CX;AX;AX;CDX;ABX;CX;ABCDX;ABD;BDX;ABX;DX;BD;C;CX;A;AD;DX;DX;A;C;BX;DX;BX;CX;DX;A;C;AD;BX;B;A;CD;ACX;C;B;A;B;B;BD;B;A;C;C;AX;D;A;BX;A;DX;AB;ABDX;AC;ABCD;AB;ACD;AX;AB;DX
ZUBL;11;Adam;Mikroskop;2424;2424;AX;AX;BX;AX;BX;AB;BX;ABCX;DX;ADX;C;CX;A;ABCDX;AX;AX;AD;AC;AC;AD;AX;AX;ABDX;CX;AX;ABCX;ACX;ADX;CDX;ABD;BD;ABC;ACX;AX;BC;AX;BX;ABCDX;BDX;BX;AX;ABD;CX;AX;AX;CDX;BC;D;ABCDX;ABD;BDX;ABX;C;ABCDX;C;A;A;ABDX;BD;DX;ABCX;B;BX;DX;BD;CX;DX;A;C;C;D;B;B;BX;ABC;ACX;BC;A;B;D;ABD;B;BX;B;BX;AC;D;AB;BX;ADX;DX;ABD;ABDX;AC;BCDX;B;ABCDX;AX;ACD;AD
ZUBL;11;Adéla;Periskopová;2425;2425;AB;AD;A;B;BX;D;BX;ABCX;B;CD;AD;A;BX;BCD;B;AX;AX;AC;A;AC;BC;AX;D;CX;D;ABCX;AD;ABD;C;BD;BCX;A;CD;C;D;C;CD;ABCDX;D;BX;AX;ABD;CX;AX;B;CDX;B;D;ABC;B;BDX;B;B;BD;ABC;A;ABX;AD;ACD;AD;AB;AX;BX;BD;BX;D;DX;AD;ABC;DX;AC;B;DX;BX;BC;CD;ACX;A;BCD;AB;BD;AX;CD;B;C;C;CD;A;AD;AB;B;AB;ABDX;CD;ACD;BC;ABCDX;AX;AB;DX
ZUBL;11;Adam;Mikroskop;2426;2426;AX;C;C;AX;C;C;BX;ABCD;DX;A;ABDX;CX;BX;AB;AX;B;D;C;A;AC;AX;AX;A;A;AX;AB;ACX;AB;A;BC;BCX;D;C;D;BX;AX;BX;ABCDX;BDX;BX;AX;ABX;CX;AX;AX;CDX;B;B;ABCDX;B;D;A;C;B;AX;A;A;A;CD;CD;BC;C;D;C;BX;CX;DX;C;C;A;D;C;C;C;D;C;AD;A;A;AD;BC;D;AB;B;BX;D;C;A;BX;ADX;AD;AD;AD;A;ABCD;AB;D;AX;A;DX
ZUBL;11;Adéla;Periskopová;2427;2427;AX;AC;BX;AX;BX;AB;C;AC;AB;C;CD;CX;A;B;AX;D;AX;AC;C;AC;CD;AX;A;B;C;D;ACX;AB;C;AD;BCX;A;ACD;D;D;B;BD;ABCDX;D;BX;C;BD;CX;C;AX;A;D;B;ABCDX;ABD;D;AC;C;D;C;B;ABX;AD;AD;DX;B;AX;BX;B;CD;A;DX;A;D;A;A;BC;B;BX;A;C;AD;A;A;A;B;B;AB;DX;BX;C;A;A;A;ADX;AD;ABD;AB;CD;CD;B;C;D;ACD;C
ZUBL;11;Adam;Mikroskop;2428;2428;B;BD;AD;AX;BX;BC;A;BC;B;ADX;A;CD;AB;AD;C;D;B;AX;B;C;AX;C;A;A;C;CD;ABCD;C;B;AC;BCX;B;BCD;C;BC;AX;C;ABCDX;D;BX;AX;B;D;C;B;CDX;BD;D;AB;BDX;D;A;CD;BCD;AX;A;ABX;AD;AD;ACD;C;AX;A;AC;BX;CX;DX;D;AB;C;BX;AX;DX;D;CD;BCD;BC;AD;B;BD;C;D;AD;B;C;AX;AB;C;D;BC;AC;AB;AD;C;BC;AC;BC;D;ACD;BC
ZUBL;11;Adéla;Periskopová;2429;2429;AX;AX;C;AB;BX;D;BX;AC;DX;ADX;ABDX;CD;BX;A;C;AX;AX;BC;ABX;AC;AX;AX;AD;CX;CD;ABCX;ACX;ADX;CDX;ABX;BCX;ACX;D;C;BX;AX;BC;ABCDX;BDX;BX;AX;A;CX;AX;AX;A;D;CX;ABCDX;BDX;BDX;B;DX;B;AX;D;ABX;AD;BD;DX;C;B;BX;C;BX;A;DX;AB;C;DX;BX;B;A;D;ACX;AD;BC;D;C;D;BC;B;BX;C;D;D;D;A;A;ADX;DX;ABCDX;ABDX;CD;ACD;D;BCD;AX;A;C
ZUBL;11;Adam;Mikroskop;2430;2430;AX;AX;D;B;BX;D;BC;ABCX;B;AB;ABCD;CX;BX;ABCDX;AX;B;AC;AC;ABX;ACDX;C;AX;A;CX;AX;BCD;ACX;ADX;CDX;ABX;BCX;ACX;C;AX;A;AX;BC;AB;BDX;BX;AX;ABX;CX;AX;AX;CDX;ABX;CX;ABCDX;ABD;D;C;DX;BD;AX;CX;A;AD;DX;DX;B;AX;BX;A;BD;CX;DX;BX;C;AD;BX;B;B;A;ABC;ACD;BD;AB;C;A;C;D;BC;B;BX;C;BDX;A;ABD;A;DX;AB;D;ACDX;BC;BC;BD;B;A;C
ZUBL;11;Adéla;Periskopová;2431;2431;AC;AX;D;AB;BX;AX;BX;ABCD;DX;ABD;BCD;CX;AB;CD;AX;AX;AX;AC;A;ACDX;ABD;AX;AD;CX;CD;B;ABD;ADX;C;ABD;BCX;ACX;ACD;B;BC;AX;AD;ABCDX;;BX;AX;ABX;CX;AX;B;D;ABX;CD;AC;BDX;D;A;C;AC;B;CX;A;ABDX;DX;DX;B;D;BX;A;A;D;DX;BX;ABC;C;C;C;DX;BX;BCD;CD;AD;BX;BDX;BD;BD;AX;BX;A;C;AX;BDX;A;AB;ABD;DX;ABCDX;ABDX;ACDX;BCDX;AB;ABCDX;D;ABCX;DX
ZUBL;11;Adam;Mikroskop;2432;2432;AX;AX;BX;AX;BX;B;BX;AC;DX;ADX;ABDX;CX;BX;BCD;AX;AX;AC;C;ABX;ACDX;AX;AX;ABDX;CX;AX;ABCX;ACX;ADX;CDX;AD;BCX;ACX;ACX;C;BX;AX;BC;ABCDX;BDX;BX;D;BD;CX;AX;AX;CDX;ABX;CX;ABCDX;BDX;BDX;ABX;B;BCD;C;CX;ABX;BD;DX;DX;ACD;B;BC;DX;BX;CX;DX;BX;BC;A;D;C;B;D;ABC;ABC;B;AD;AC;AD;BC;D;C;DX;D;C;D;A;BD;ADX;B;AB;AD;C;BD;B;D;AX;ABCX;DX
ZUBL;11;Adéla;Periskopová;2433;2433;AC;AX;BX;AX;BX;AX;BX;ABCX;DX;ADX;ABDX;CX;BX;ABCDX;AX;D;BC;BC;ABX;AC;AX;AX;ABDX;CX;CD;ABCX;ACX;ADX;CDX;D;BCX;ABC;A;AX;BX;AX;BX;ABCDX;BDX;BX;AX;ABX;CX;AX;AX;CDX;ABD;CX;ABCDX;BDX;BDX;ABX;DX;BD;AX;ABD;A;BD;DX;DX;BC;AX;BX;DX;BD;CX;DX;BX;C;A;BX;ACD;DX;BX;C;C;BC;A;BDX;AD;BC;B;BX;B;BX;AX;BDX;A;BX;ADX;DX;AB;ABDX;ACDX;BC;ABD;;D;ABCD;DX
